Handle,Title,Body (HTML),Vendor,Product Category,Type,Tags,Published,Option1 Name,Option1 Value,Option2 Name,Option2 Value,Option3 Name,Option3 Value,Variant SKU,Variant Grams,Variant Inventory Tracker,Variant Inventory Qty,Variant Inventory Policy,Variant Fulfillment Service,Variant Price,Variant Compare At Price,Variant Requires Shipping,Variant Taxable,Variant Barcode,Image Src,Image Position,Image Alt Text,Gift Card,SEO Title,SEO Description,Google Shopping / Google Product Category,Google Shopping / Gender,Google Shopping / Age Group,Google Shopping / MPN,Google Shopping / AdWords Grouping,Google Shopping / AdWords Labels,Google Shopping / Condition,Google Shopping / Custom Product,Google Shopping / Custom Label 0,Google Shopping / Custom Label 1,Google Shopping / Custom Label 2,Google Shopping / Custom Label 3,Google Shopping / Custom Label 4,Variant Image,Variant Weight Unit,Variant Tax Code,Cost per item,Status
abstract-print-shirt,Abstract Print Shirt,"<p>Relaxed-fit shirt crafted from 100% breathable organic cotton lawn. Features a camp collar, short sleeves, and a clean button-up front. Detailed with minimalist fine-line nature embroidery depicting an elegant heron and wildflower botanical motifs. Tailored for effortless contemporary styling in the Summer 2026 collection.</p>",XIV,Apparel & Accessories > Clothing > Shirts & Tops,Shirts,"Shirts, Graphic, Heron, Summer 2026, Men, Best Sellers, Featured",TRUE,Color,Black,Size,XS,,,ABST-BLA-XS,450,shopify,50,deny,manual,99.00,129.00,TRUE,TRUE,,Rectangle 3 (2).png,1,Abstract Print Shirt - Black - XS,FALSE,Abstract Print Shirt | XIV 2026 Collection,Shop the Abstract Print Shirt from XIV Summer 2026. Premium organic fabric and relaxed tailoring.,,unisex,adult,ABST-BLA-XS,,,new,FALSE,2026,Shirts,,,,Rectangle 3 (2).png,g,,39.6,active
abstract-print-shirt,,,,,,,TRUE,Color,Black,Size,S,,,ABST-BLA-S,450,shopify,50,deny,manual,99.00,129.00,TRUE,TRUE,,Rectangle 5.png,2,Abstract Print Shirt - Black - S,FALSE,,,,unisex,adult,ABST-BLA-S,,,new,FALSE,2026,Shirts,,,,Rectangle 5.png,g,,39.6,active
abstract-print-shirt,,,,,,,TRUE,Color,Black,Size,M,,,ABST-BLA-M,450,shopify,50,deny,manual,99.00,129.00,TRUE,TRUE,,Rectangle 6.png,3,Abstract Print Shirt - Black - M,FALSE,,,,unisex,adult,ABST-BLA-M,,,new,FALSE,2026,Shirts,,,,Rectangle 6.png,g,,39.6,active
abstract-print-shirt,,,,,,,TRUE,Color,Black,Size,L,,,ABST-BLA-L,450,shopify,50,deny,manual,99.00,129.00,TRUE,TRUE,,Rectangle 7.png,4,Abstract Print Shirt - Black - L,FALSE,,,,unisex,adult,ABST-BLA-L,,,new,FALSE,2026,Shirts,,,,Rectangle 7.png,g,,39.6,active
abstract-print-shirt,,,,,,,TRUE,Color,Black,Size,XL,,,ABST-BLA-XL,450,shopify,50,deny,manual,99.00,129.00,TRUE,TRUE,,Rectangle 8.png,5,Abstract Print Shirt - Black - XL,FALSE,,,,unisex,adult,ABST-BLA-XL,,,new,FALSE,2026,Shirts,,,,Rectangle 8.png,g,,39.6,active
abstract-print-shirt,,,,,,,TRUE,Color,Black,Size,2X,,,ABST-BLA-2X,450,shopify,50,deny,manual,99.00,129.00,TRUE,TRUE,,Rectangle 8.png,5,Abstract Print Shirt - Black - 2X,FALSE,,,,unisex,adult,ABST-BLA-2X,,,new,FALSE,2026,Shirts,,,,Rectangle 8.png,g,,39.6,active
abstract-print-shirt,,,,,,,TRUE,Color,Slate Grey,Size,XS,,,ABST-SLA-XS,450,shopify,50,deny,manual,99.00,129.00,TRUE,TRUE,,Rectangle 8.png,5,Abstract Print Shirt - Slate Grey - XS,FALSE,,,,unisex,adult,ABST-SLA-XS,,,new,FALSE,2026,Shirts,,,,Rectangle 8.png,g,,39.6,active
abstract-print-shirt,,,,,,,TRUE,Color,Slate Grey,Size,S,,,ABST-SLA-S,450,shopify,50,deny,manual,99.00,129.00,TRUE,TRUE,,Rectangle 8.png,5,Abstract Print Shirt - Slate Grey - S,FALSE,,,,unisex,adult,ABST-SLA-S,,,new,FALSE,2026,Shirts,,,,Rectangle 8.png,g,,39.6,active
abstract-print-shirt,,,,,,,TRUE,Color,Slate Grey,Size,M,,,ABST-SLA-M,450,shopify,50,deny,manual,99.00,129.00,TRUE,TRUE,,Rectangle 8.png,5,Abstract Print Shirt - Slate Grey - M,FALSE,,,,unisex,adult,ABST-SLA-M,,,new,FALSE,2026,Shirts,,,,Rectangle 8.png,g,,39.6,active
abstract-print-shirt,,,,,,,TRUE,Color,Slate Grey,Size,L,,,ABST-SLA-L,450,shopify,50,deny,manual,99.00,129.00,TRUE,TRUE,,Rectangle 8.png,5,Abstract Print Shirt - Slate Grey - L,FALSE,,,,unisex,adult,ABST-SLA-L,,,new,FALSE,2026,Shirts,,,,Rectangle 8.png,g,,39.6,active
abstract-print-shirt,,,,,,,TRUE,Color,Slate Grey,Size,XL,,,ABST-SLA-XL,450,shopify,50,deny,manual,99.00,129.00,TRUE,TRUE,,Rectangle 8.png,5,Abstract Print Shirt - Slate Grey - XL,FALSE,,,,unisex,adult,ABST-SLA-XL,,,new,FALSE,2026,Shirts,,,,Rectangle 8.png,g,,39.6,active
abstract-print-shirt,,,,,,,TRUE,Color,Slate Grey,Size,2X,,,ABST-SLA-2X,450,shopify,50,deny,manual,99.00,129.00,TRUE,TRUE,,Rectangle 8.png,5,Abstract Print Shirt - Slate Grey - 2X,FALSE,,,,unisex,adult,ABST-SLA-2X,,,new,FALSE,2026,Shirts,,,,Rectangle 8.png,g,,39.6,active
abstract-print-shirt,,,,,,,TRUE,Color,Stone,Size,XS,,,ABST-STO-XS,450,shopify,50,deny,manual,99.00,129.00,TRUE,TRUE,,Rectangle 8.png,5,Abstract Print Shirt - Stone - XS,FALSE,,,,unisex,adult,ABST-STO-XS,,,new,FALSE,2026,Shirts,,,,Rectangle 8.png,g,,39.6,active
abstract-print-shirt,,,,,,,TRUE,Color,Stone,Size,S,,,ABST-STO-S,450,shopify,50,deny,manual,99.00,129.00,TRUE,TRUE,,Rectangle 8.png,5,Abstract Print Shirt - Stone - S,FALSE,,,,unisex,adult,ABST-STO-S,,,new,FALSE,2026,Shirts,,,,Rectangle 8.png,g,,39.6,active
abstract-print-shirt,,,,,,,TRUE,Color,Stone,Size,M,,,ABST-STO-M,450,shopify,50,deny,manual,99.00,129.00,TRUE,TRUE,,Rectangle 8.png,5,Abstract Print Shirt - Stone - M,FALSE,,,,unisex,adult,ABST-STO-M,,,new,FALSE,2026,Shirts,,,,Rectangle 8.png,g,,39.6,active
abstract-print-shirt,,,,,,,TRUE,Color,Stone,Size,L,,,ABST-STO-L,450,shopify,50,deny,manual,99.00,129.00,TRUE,TRUE,,Rectangle 8.png,5,Abstract Print Shirt - Stone - L,FALSE,,,,unisex,adult,ABST-STO-L,,,new,FALSE,2026,Shirts,,,,Rectangle 8.png,g,,39.6,active
abstract-print-shirt,,,,,,,TRUE,Color,Stone,Size,XL,,,ABST-STO-XL,450,shopify,50,deny,manual,99.00,129.00,TRUE,TRUE,,Rectangle 8.png,5,Abstract Print Shirt - Stone - XL,FALSE,,,,unisex,adult,ABST-STO-XL,,,new,FALSE,2026,Shirts,,,,Rectangle 8.png,g,,39.6,active
abstract-print-shirt,,,,,,,TRUE,Color,Stone,Size,2X,,,ABST-STO-2X,450,shopify,50,deny,manual,99.00,129.00,TRUE,TRUE,,Rectangle 8.png,5,Abstract Print Shirt - Stone - 2X,FALSE,,,,unisex,adult,ABST-STO-2X,,,new,FALSE,2026,Shirts,,,,Rectangle 8.png,g,,39.6,active
abstract-print-shirt,,,,,,,TRUE,Color,Mint,Size,XS,,,ABST-MIN-XS,450,shopify,50,deny,manual,99.00,129.00,TRUE,TRUE,,Rectangle 8.png,5,Abstract Print Shirt - Mint - XS,FALSE,,,,unisex,adult,ABST-MIN-XS,,,new,FALSE,2026,Shirts,,,,Rectangle 8.png,g,,39.6,active
abstract-print-shirt,,,,,,,TRUE,Color,Mint,Size,S,,,ABST-MIN-S,450,shopify,50,deny,manual,99.00,129.00,TRUE,TRUE,,Rectangle 8.png,5,Abstract Print Shirt - Mint - S,FALSE,,,,unisex,adult,ABST-MIN-S,,,new,FALSE,2026,Shirts,,,,Rectangle 8.png,g,,39.6,active
abstract-print-shirt,,,,,,,TRUE,Color,Mint,Size,M,,,ABST-MIN-M,450,shopify,50,deny,manual,99.00,129.00,TRUE,TRUE,,Rectangle 8.png,5,Abstract Print Shirt - Mint - M,FALSE,,,,unisex,adult,ABST-MIN-M,,,new,FALSE,2026,Shirts,,,,Rectangle 8.png,g,,39.6,active
abstract-print-shirt,,,,,,,TRUE,Color,Mint,Size,L,,,ABST-MIN-L,450,shopify,50,deny,manual,99.00,129.00,TRUE,TRUE,,Rectangle 8.png,5,Abstract Print Shirt - Mint - L,FALSE,,,,unisex,adult,ABST-MIN-L,,,new,FALSE,2026,Shirts,,,,Rectangle 8.png,g,,39.6,active
abstract-print-shirt,,,,,,,TRUE,Color,Mint,Size,XL,,,ABST-MIN-XL,450,shopify,50,deny,manual,99.00,129.00,TRUE,TRUE,,Rectangle 8.png,5,Abstract Print Shirt - Mint - XL,FALSE,,,,unisex,adult,ABST-MIN-XL,,,new,FALSE,2026,Shirts,,,,Rectangle 8.png,g,,39.6,active
abstract-print-shirt,,,,,,,TRUE,Color,Mint,Size,2X,,,ABST-MIN-2X,450,shopify,50,deny,manual,99.00,129.00,TRUE,TRUE,,Rectangle 8.png,5,Abstract Print Shirt - Mint - 2X,FALSE,,,,unisex,adult,ABST-MIN-2X,,,new,FALSE,2026,Shirts,,,,Rectangle 8.png,g,,39.6,active
abstract-print-shirt,,,,,,,TRUE,Color,White,Size,XS,,,ABST-WHI-XS,450,shopify,50,deny,manual,99.00,129.00,TRUE,TRUE,,Rectangle 8.png,5,Abstract Print Shirt - White - XS,FALSE,,,,unisex,adult,ABST-WHI-XS,,,new,FALSE,2026,Shirts,,,,Rectangle 8.png,g,,39.6,active
abstract-print-shirt,,,,,,,TRUE,Color,White,Size,S,,,ABST-WHI-S,450,shopify,50,deny,manual,99.00,129.00,TRUE,TRUE,,Rectangle 8.png,5,Abstract Print Shirt - White - S,FALSE,,,,unisex,adult,ABST-WHI-S,,,new,FALSE,2026,Shirts,,,,Rectangle 8.png,g,,39.6,active
abstract-print-shirt,,,,,,,TRUE,Color,White,Size,M,,,ABST-WHI-M,450,shopify,50,deny,manual,99.00,129.00,TRUE,TRUE,,Rectangle 8.png,5,Abstract Print Shirt - White - M,FALSE,,,,unisex,adult,ABST-WHI-M,,,new,FALSE,2026,Shirts,,,,Rectangle 8.png,g,,39.6,active
abstract-print-shirt,,,,,,,TRUE,Color,White,Size,L,,,ABST-WHI-L,450,shopify,50,deny,manual,99.00,129.00,TRUE,TRUE,,Rectangle 8.png,5,Abstract Print Shirt - White - L,FALSE,,,,unisex,adult,ABST-WHI-L,,,new,FALSE,2026,Shirts,,,,Rectangle 8.png,g,,39.6,active
abstract-print-shirt,,,,,,,TRUE,Color,White,Size,XL,,,ABST-WHI-XL,450,shopify,50,deny,manual,99.00,129.00,TRUE,TRUE,,Rectangle 8.png,5,Abstract Print Shirt - White - XL,FALSE,,,,unisex,adult,ABST-WHI-XL,,,new,FALSE,2026,Shirts,,,,Rectangle 8.png,g,,39.6,active
abstract-print-shirt,,,,,,,TRUE,Color,White,Size,2X,,,ABST-WHI-2X,450,shopify,50,deny,manual,99.00,129.00,TRUE,TRUE,,Rectangle 8.png,5,Abstract Print Shirt - White - 2X,FALSE,,,,unisex,adult,ABST-WHI-2X,,,new,FALSE,2026,Shirts,,,,Rectangle 8.png,g,,39.6,active
abstract-print-shirt,,,,,,,TRUE,Color,Lilac,Size,XS,,,ABST-LIL-XS,450,shopify,50,deny,manual,99.00,129.00,TRUE,TRUE,,Rectangle 8.png,5,Abstract Print Shirt - Lilac - XS,FALSE,,,,unisex,adult,ABST-LIL-XS,,,new,FALSE,2026,Shirts,,,,Rectangle 8.png,g,,39.6,active
abstract-print-shirt,,,,,,,TRUE,Color,Lilac,Size,S,,,ABST-LIL-S,450,shopify,50,deny,manual,99.00,129.00,TRUE,TRUE,,Rectangle 8.png,5,Abstract Print Shirt - Lilac - S,FALSE,,,,unisex,adult,ABST-LIL-S,,,new,FALSE,2026,Shirts,,,,Rectangle 8.png,g,,39.6,active
abstract-print-shirt,,,,,,,TRUE,Color,Lilac,Size,M,,,ABST-LIL-M,450,shopify,50,deny,manual,99.00,129.00,TRUE,TRUE,,Rectangle 8.png,5,Abstract Print Shirt - Lilac - M,FALSE,,,,unisex,adult,ABST-LIL-M,,,new,FALSE,2026,Shirts,,,,Rectangle 8.png,g,,39.6,active
abstract-print-shirt,,,,,,,TRUE,Color,Lilac,Size,L,,,ABST-LIL-L,450,shopify,50,deny,manual,99.00,129.00,TRUE,TRUE,,Rectangle 8.png,5,Abstract Print Shirt - Lilac - L,FALSE,,,,unisex,adult,ABST-LIL-L,,,new,FALSE,2026,Shirts,,,,Rectangle 8.png,g,,39.6,active
abstract-print-shirt,,,,,,,TRUE,Color,Lilac,Size,XL,,,ABST-LIL-XL,450,shopify,50,deny,manual,99.00,129.00,TRUE,TRUE,,Rectangle 8.png,5,Abstract Print Shirt - Lilac - XL,FALSE,,,,unisex,adult,ABST-LIL-XL,,,new,FALSE,2026,Shirts,,,,Rectangle 8.png,g,,39.6,active
abstract-print-shirt,,,,,,,TRUE,Color,Lilac,Size,2X,,,ABST-LIL-2X,450,shopify,50,deny,manual,99.00,129.00,TRUE,TRUE,,Rectangle 8.png,5,Abstract Print Shirt - Lilac - 2X,FALSE,,,,unisex,adult,ABST-LIL-2X,,,new,FALSE,2026,Shirts,,,,Rectangle 8.png,g,,39.6,active
basic-slim-fit-t-shirt,Basic Slim Fit T-Shirt,"<p>Tailored slim-fit crewneck t-shirt cut from heavyweight 260 GSM combed organic cotton. Features clean double-needle stitched cuffs and collar, delivering a refined minimalist drape and all-day comfort engineered for the 2026 wardrobe.</p>",XIV,Apparel & Accessories > Clothing > Shirts & Tops > T-Shirts,T-Shirts,"T-Shirts, Cotton T Shirt, Men, Essentials, Summer 2026, Best Sellers",TRUE,Color,Off-White,Size,XS,,,BASI-OFF-XS,450,shopify,50,deny,manual,199.00,,TRUE,TRUE,,Rectangle 3.png,1,Basic Slim Fit T-Shirt - Off-White - XS,FALSE,Basic Slim Fit T-Shirt | XIV 2026 Collection,Shop the Basic Slim Fit T-Shirt from XIV Summer 2026. Premium organic fabric and relaxed tailoring.,,unisex,adult,BASI-OFF-XS,,,new,FALSE,2026,T-Shirts,,,,Rectangle 3.png,g,,79.6,active
basic-slim-fit-t-shirt,,,,,,,TRUE,Color,Off-White,Size,S,,,BASI-OFF-S,450,shopify,50,deny,manual,199.00,,TRUE,TRUE,,Rectangle 3 (6).png,2,Basic Slim Fit T-Shirt - Off-White - S,FALSE,,,,unisex,adult,BASI-OFF-S,,,new,FALSE,2026,T-Shirts,,,,Rectangle 3 (6).png,g,,79.6,active
basic-slim-fit-t-shirt,,,,,,,TRUE,Color,Off-White,Size,M,,,BASI-OFF-M,450,shopify,50,deny,manual,199.00,,TRUE,TRUE,,Rectangle 3 (6).png,2,Basic Slim Fit T-Shirt - Off-White - M,FALSE,,,,unisex,adult,BASI-OFF-M,,,new,FALSE,2026,T-Shirts,,,,Rectangle 3 (6).png,g,,79.6,active
basic-slim-fit-t-shirt,,,,,,,TRUE,Color,Off-White,Size,L,,,BASI-OFF-L,450,shopify,50,deny,manual,199.00,,TRUE,TRUE,,Rectangle 3 (6).png,2,Basic Slim Fit T-Shirt - Off-White - L,FALSE,,,,unisex,adult,BASI-OFF-L,,,new,FALSE,2026,T-Shirts,,,,Rectangle 3 (6).png,g,,79.6,active
basic-slim-fit-t-shirt,,,,,,,TRUE,Color,Off-White,Size,XL,,,BASI-OFF-XL,450,shopify,50,deny,manual,199.00,,TRUE,TRUE,,Rectangle 3 (6).png,2,Basic Slim Fit T-Shirt - Off-White - XL,FALSE,,,,unisex,adult,BASI-OFF-XL,,,new,FALSE,2026,T-Shirts,,,,Rectangle 3 (6).png,g,,79.6,active
basic-slim-fit-t-shirt,,,,,,,TRUE,Color,Off-White,Size,2X,,,BASI-OFF-2X,450,shopify,50,deny,manual,199.00,,TRUE,TRUE,,Rectangle 3 (6).png,2,Basic Slim Fit T-Shirt - Off-White - 2X,FALSE,,,,unisex,adult,BASI-OFF-2X,,,new,FALSE,2026,T-Shirts,,,,Rectangle 3 (6).png,g,,79.6,active
basic-slim-fit-t-shirt,,,,,,,TRUE,Color,Black,Size,XS,,,BASI-BLA-XS,450,shopify,50,deny,manual,199.00,,TRUE,TRUE,,Rectangle 3 (6).png,2,Basic Slim Fit T-Shirt - Black - XS,FALSE,,,,unisex,adult,BASI-BLA-XS,,,new,FALSE,2026,T-Shirts,,,,Rectangle 3 (6).png,g,,79.6,active
basic-slim-fit-t-shirt,,,,,,,TRUE,Color,Black,Size,S,,,BASI-BLA-S,450,shopify,50,deny,manual,199.00,,TRUE,TRUE,,Rectangle 3 (6).png,2,Basic Slim Fit T-Shirt - Black - S,FALSE,,,,unisex,adult,BASI-BLA-S,,,new,FALSE,2026,T-Shirts,,,,Rectangle 3 (6).png,g,,79.6,active
basic-slim-fit-t-shirt,,,,,,,TRUE,Color,Black,Size,M,,,BASI-BLA-M,450,shopify,50,deny,manual,199.00,,TRUE,TRUE,,Rectangle 3 (6).png,2,Basic Slim Fit T-Shirt - Black - M,FALSE,,,,unisex,adult,BASI-BLA-M,,,new,FALSE,2026,T-Shirts,,,,Rectangle 3 (6).png,g,,79.6,active
basic-slim-fit-t-shirt,,,,,,,TRUE,Color,Black,Size,L,,,BASI-BLA-L,450,shopify,50,deny,manual,199.00,,TRUE,TRUE,,Rectangle 3 (6).png,2,Basic Slim Fit T-Shirt - Black - L,FALSE,,,,unisex,adult,BASI-BLA-L,,,new,FALSE,2026,T-Shirts,,,,Rectangle 3 (6).png,g,,79.6,active
basic-slim-fit-t-shirt,,,,,,,TRUE,Color,Black,Size,XL,,,BASI-BLA-XL,450,shopify,50,deny,manual,199.00,,TRUE,TRUE,,Rectangle 3 (6).png,2,Basic Slim Fit T-Shirt - Black - XL,FALSE,,,,unisex,adult,BASI-BLA-XL,,,new,FALSE,2026,T-Shirts,,,,Rectangle 3 (6).png,g,,79.6,active
basic-slim-fit-t-shirt,,,,,,,TRUE,Color,Black,Size,2X,,,BASI-BLA-2X,450,shopify,50,deny,manual,199.00,,TRUE,TRUE,,Rectangle 3 (6).png,2,Basic Slim Fit T-Shirt - Black - 2X,FALSE,,,,unisex,adult,BASI-BLA-2X,,,new,FALSE,2026,T-Shirts,,,,Rectangle 3 (6).png,g,,79.6,active
basic-slim-fit-t-shirt,,,,,,,TRUE,Color,Slate Grey,Size,XS,,,BASI-SLA-XS,450,shopify,50,deny,manual,199.00,,TRUE,TRUE,,Rectangle 3 (6).png,2,Basic Slim Fit T-Shirt - Slate Grey - XS,FALSE,,,,unisex,adult,BASI-SLA-XS,,,new,FALSE,2026,T-Shirts,,,,Rectangle 3 (6).png,g,,79.6,active
basic-slim-fit-t-shirt,,,,,,,TRUE,Color,Slate Grey,Size,S,,,BASI-SLA-S,450,shopify,50,deny,manual,199.00,,TRUE,TRUE,,Rectangle 3 (6).png,2,Basic Slim Fit T-Shirt - Slate Grey - S,FALSE,,,,unisex,adult,BASI-SLA-S,,,new,FALSE,2026,T-Shirts,,,,Rectangle 3 (6).png,g,,79.6,active
basic-slim-fit-t-shirt,,,,,,,TRUE,Color,Slate Grey,Size,M,,,BASI-SLA-M,450,shopify,50,deny,manual,199.00,,TRUE,TRUE,,Rectangle 3 (6).png,2,Basic Slim Fit T-Shirt - Slate Grey - M,FALSE,,,,unisex,adult,BASI-SLA-M,,,new,FALSE,2026,T-Shirts,,,,Rectangle 3 (6).png,g,,79.6,active
basic-slim-fit-t-shirt,,,,,,,TRUE,Color,Slate Grey,Size,L,,,BASI-SLA-L,450,shopify,50,deny,manual,199.00,,TRUE,TRUE,,Rectangle 3 (6).png,2,Basic Slim Fit T-Shirt - Slate Grey - L,FALSE,,,,unisex,adult,BASI-SLA-L,,,new,FALSE,2026,T-Shirts,,,,Rectangle 3 (6).png,g,,79.6,active
basic-slim-fit-t-shirt,,,,,,,TRUE,Color,Slate Grey,Size,XL,,,BASI-SLA-XL,450,shopify,50,deny,manual,199.00,,TRUE,TRUE,,Rectangle 3 (6).png,2,Basic Slim Fit T-Shirt - Slate Grey - XL,FALSE,,,,unisex,adult,BASI-SLA-XL,,,new,FALSE,2026,T-Shirts,,,,Rectangle 3 (6).png,g,,79.6,active
basic-slim-fit-t-shirt,,,,,,,TRUE,Color,Slate Grey,Size,2X,,,BASI-SLA-2X,450,shopify,50,deny,manual,199.00,,TRUE,TRUE,,Rectangle 3 (6).png,2,Basic Slim Fit T-Shirt - Slate Grey - 2X,FALSE,,,,unisex,adult,BASI-SLA-2X,,,new,FALSE,2026,T-Shirts,,,,Rectangle 3 (6).png,g,,79.6,active
basic-slim-fit-t-shirt,,,,,,,TRUE,Color,Mint,Size,XS,,,BASI-MIN-XS,450,shopify,50,deny,manual,199.00,,TRUE,TRUE,,Rectangle 3 (6).png,2,Basic Slim Fit T-Shirt - Mint - XS,FALSE,,,,unisex,adult,BASI-MIN-XS,,,new,FALSE,2026,T-Shirts,,,,Rectangle 3 (6).png,g,,79.6,active
basic-slim-fit-t-shirt,,,,,,,TRUE,Color,Mint,Size,S,,,BASI-MIN-S,450,shopify,50,deny,manual,199.00,,TRUE,TRUE,,Rectangle 3 (6).png,2,Basic Slim Fit T-Shirt - Mint - S,FALSE,,,,unisex,adult,BASI-MIN-S,,,new,FALSE,2026,T-Shirts,,,,Rectangle 3 (6).png,g,,79.6,active
basic-slim-fit-t-shirt,,,,,,,TRUE,Color,Mint,Size,M,,,BASI-MIN-M,450,shopify,50,deny,manual,199.00,,TRUE,TRUE,,Rectangle 3 (6).png,2,Basic Slim Fit T-Shirt - Mint - M,FALSE,,,,unisex,adult,BASI-MIN-M,,,new,FALSE,2026,T-Shirts,,,,Rectangle 3 (6).png,g,,79.6,active
basic-slim-fit-t-shirt,,,,,,,TRUE,Color,Mint,Size,L,,,BASI-MIN-L,450,shopify,50,deny,manual,199.00,,TRUE,TRUE,,Rectangle 3 (6).png,2,Basic Slim Fit T-Shirt - Mint - L,FALSE,,,,unisex,adult,BASI-MIN-L,,,new,FALSE,2026,T-Shirts,,,,Rectangle 3 (6).png,g,,79.6,active
basic-slim-fit-t-shirt,,,,,,,TRUE,Color,Mint,Size,XL,,,BASI-MIN-XL,450,shopify,50,deny,manual,199.00,,TRUE,TRUE,,Rectangle 3 (6).png,2,Basic Slim Fit T-Shirt - Mint - XL,FALSE,,,,unisex,adult,BASI-MIN-XL,,,new,FALSE,2026,T-Shirts,,,,Rectangle 3 (6).png,g,,79.6,active
basic-slim-fit-t-shirt,,,,,,,TRUE,Color,Mint,Size,2X,,,BASI-MIN-2X,450,shopify,50,deny,manual,199.00,,TRUE,TRUE,,Rectangle 3 (6).png,2,Basic Slim Fit T-Shirt - Mint - 2X,FALSE,,,,unisex,adult,BASI-MIN-2X,,,new,FALSE,2026,T-Shirts,,,,Rectangle 3 (6).png,g,,79.6,active
basic-slim-fit-t-shirt,,,,,,,TRUE,Color,Pale Lilac,Size,XS,,,BASI-PAL-XS,450,shopify,50,deny,manual,199.00,,TRUE,TRUE,,Rectangle 3 (6).png,2,Basic Slim Fit T-Shirt - Pale Lilac - XS,FALSE,,,,unisex,adult,BASI-PAL-XS,,,new,FALSE,2026,T-Shirts,,,,Rectangle 3 (6).png,g,,79.6,active
basic-slim-fit-t-shirt,,,,,,,TRUE,Color,Pale Lilac,Size,S,,,BASI-PAL-S,450,shopify,50,deny,manual,199.00,,TRUE,TRUE,,Rectangle 3 (6).png,2,Basic Slim Fit T-Shirt - Pale Lilac - S,FALSE,,,,unisex,adult,BASI-PAL-S,,,new,FALSE,2026,T-Shirts,,,,Rectangle 3 (6).png,g,,79.6,active
basic-slim-fit-t-shirt,,,,,,,TRUE,Color,Pale Lilac,Size,M,,,BASI-PAL-M,450,shopify,50,deny,manual,199.00,,TRUE,TRUE,,Rectangle 3 (6).png,2,Basic Slim Fit T-Shirt - Pale Lilac - M,FALSE,,,,unisex,adult,BASI-PAL-M,,,new,FALSE,2026,T-Shirts,,,,Rectangle 3 (6).png,g,,79.6,active
basic-slim-fit-t-shirt,,,,,,,TRUE,Color,Pale Lilac,Size,L,,,BASI-PAL-L,450,shopify,50,deny,manual,199.00,,TRUE,TRUE,,Rectangle 3 (6).png,2,Basic Slim Fit T-Shirt - Pale Lilac - L,FALSE,,,,unisex,adult,BASI-PAL-L,,,new,FALSE,2026,T-Shirts,,,,Rectangle 3 (6).png,g,,79.6,active
basic-slim-fit-t-shirt,,,,,,,TRUE,Color,Pale Lilac,Size,XL,,,BASI-PAL-XL,450,shopify,50,deny,manual,199.00,,TRUE,TRUE,,Rectangle 3 (6).png,2,Basic Slim Fit T-Shirt - Pale Lilac - XL,FALSE,,,,unisex,adult,BASI-PAL-XL,,,new,FALSE,2026,T-Shirts,,,,Rectangle 3 (6).png,g,,79.6,active
basic-slim-fit-t-shirt,,,,,,,TRUE,Color,Pale Lilac,Size,2X,,,BASI-PAL-2X,450,shopify,50,deny,manual,199.00,,TRUE,TRUE,,Rectangle 3 (6).png,2,Basic Slim Fit T-Shirt - Pale Lilac - 2X,FALSE,,,,unisex,adult,BASI-PAL-2X,,,new,FALSE,2026,T-Shirts,,,,Rectangle 3 (6).png,g,,79.6,active
basic-heavy-weight-t-shirt,Basic Heavy Weight T-Shirt,<p>Premium 320 GSM heavyweight combed cotton crewneck t-shirt featuring a subtle ribbed waffle knit texture and structured boxy drape. Engineered with dropped shoulders and a reinforced collar to retain its clean architectural silhouette wear after wear.</p>,XIV,Apparel & Accessories > Clothing > Shirts & Tops > T-Shirts,T-Shirts,"T-Shirts, Crewneck T-Shirt, Heavyweight, Summer 2026, Men, Best Sellers",TRUE,Color,Black Waffle,Size,XS,,,BASI-BLA-XS,450,shopify,50,deny,manual,199.00,,TRUE,TRUE,,Rectangle 3 (1).png,1,Basic Heavy Weight T-Shirt - Black Waffle - XS,FALSE,Basic Heavy Weight T-Shirt | XIV 2026 Collection,Shop the Basic Heavy Weight T-Shirt from XIV Summer 2026. Premium organic fabric and relaxed tailoring.,,unisex,adult,BASI-BLA-XS,,,new,FALSE,2026,T-Shirts,,,,Rectangle 3 (1).png,g,,79.6,active
basic-heavy-weight-t-shirt,,,,,,,TRUE,Color,Black Waffle,Size,S,,,BASI-BLA-S,450,shopify,50,deny,manual,199.00,,TRUE,TRUE,,shirts.png,2,Basic Heavy Weight T-Shirt - Black Waffle - S,FALSE,,,,unisex,adult,BASI-BLA-S,,,new,FALSE,2026,T-Shirts,,,,shirts.png,g,,79.6,active
basic-heavy-weight-t-shirt,,,,,,,TRUE,Color,Black Waffle,Size,M,,,BASI-BLA-M,450,shopify,50,deny,manual,199.00,,TRUE,TRUE,,shirts.png,2,Basic Heavy Weight T-Shirt - Black Waffle - M,FALSE,,,,unisex,adult,BASI-BLA-M,,,new,FALSE,2026,T-Shirts,,,,shirts.png,g,,79.6,active
basic-heavy-weight-t-shirt,,,,,,,TRUE,Color,Black Waffle,Size,L,,,BASI-BLA-L,450,shopify,50,deny,manual,199.00,,TRUE,TRUE,,shirts.png,2,Basic Heavy Weight T-Shirt - Black Waffle - L,FALSE,,,,unisex,adult,BASI-BLA-L,,,new,FALSE,2026,T-Shirts,,,,shirts.png,g,,79.6,active
basic-heavy-weight-t-shirt,,,,,,,TRUE,Color,Black Waffle,Size,XL,,,BASI-BLA-XL,450,shopify,50,deny,manual,199.00,,TRUE,TRUE,,shirts.png,2,Basic Heavy Weight T-Shirt - Black Waffle - XL,FALSE,,,,unisex,adult,BASI-BLA-XL,,,new,FALSE,2026,T-Shirts,,,,shirts.png,g,,79.6,active
basic-heavy-weight-t-shirt,,,,,,,TRUE,Color,Black Waffle,Size,2X,,,BASI-BLA-2X,450,shopify,50,deny,manual,199.00,,TRUE,TRUE,,shirts.png,2,Basic Heavy Weight T-Shirt - Black Waffle - 2X,FALSE,,,,unisex,adult,BASI-BLA-2X,,,new,FALSE,2026,T-Shirts,,,,shirts.png,g,,79.6,active
basic-heavy-weight-t-shirt,,,,,,,TRUE,Color,Washed Olive,Size,XS,,,BASI-WAS-XS,450,shopify,50,deny,manual,199.00,,TRUE,TRUE,,shirts.png,2,Basic Heavy Weight T-Shirt - Washed Olive - XS,FALSE,,,,unisex,adult,BASI-WAS-XS,,,new,FALSE,2026,T-Shirts,,,,shirts.png,g,,79.6,active
basic-heavy-weight-t-shirt,,,,,,,TRUE,Color,Washed Olive,Size,S,,,BASI-WAS-S,450,shopify,50,deny,manual,199.00,,TRUE,TRUE,,shirts.png,2,Basic Heavy Weight T-Shirt - Washed Olive - S,FALSE,,,,unisex,adult,BASI-WAS-S,,,new,FALSE,2026,T-Shirts,,,,shirts.png,g,,79.6,active
basic-heavy-weight-t-shirt,,,,,,,TRUE,Color,Washed Olive,Size,M,,,BASI-WAS-M,450,shopify,50,deny,manual,199.00,,TRUE,TRUE,,shirts.png,2,Basic Heavy Weight T-Shirt - Washed Olive - M,FALSE,,,,unisex,adult,BASI-WAS-M,,,new,FALSE,2026,T-Shirts,,,,shirts.png,g,,79.6,active
basic-heavy-weight-t-shirt,,,,,,,TRUE,Color,Washed Olive,Size,L,,,BASI-WAS-L,450,shopify,50,deny,manual,199.00,,TRUE,TRUE,,shirts.png,2,Basic Heavy Weight T-Shirt - Washed Olive - L,FALSE,,,,unisex,adult,BASI-WAS-L,,,new,FALSE,2026,T-Shirts,,,,shirts.png,g,,79.6,active
basic-heavy-weight-t-shirt,,,,,,,TRUE,Color,Washed Olive,Size,XL,,,BASI-WAS-XL,450,shopify,50,deny,manual,199.00,,TRUE,TRUE,,shirts.png,2,Basic Heavy Weight T-Shirt - Washed Olive - XL,FALSE,,,,unisex,adult,BASI-WAS-XL,,,new,FALSE,2026,T-Shirts,,,,shirts.png,g,,79.6,active
basic-heavy-weight-t-shirt,,,,,,,TRUE,Color,Washed Olive,Size,2X,,,BASI-WAS-2X,450,shopify,50,deny,manual,199.00,,TRUE,TRUE,,shirts.png,2,Basic Heavy Weight T-Shirt - Washed Olive - 2X,FALSE,,,,unisex,adult,BASI-WAS-2X,,,new,FALSE,2026,T-Shirts,,,,shirts.png,g,,79.6,active
basic-heavy-weight-t-shirt,,,,,,,TRUE,Color,Deep Charcoal,Size,XS,,,BASI-DEE-XS,450,shopify,50,deny,manual,199.00,,TRUE,TRUE,,shirts.png,2,Basic Heavy Weight T-Shirt - Deep Charcoal - XS,FALSE,,,,unisex,adult,BASI-DEE-XS,,,new,FALSE,2026,T-Shirts,,,,shirts.png,g,,79.6,active
basic-heavy-weight-t-shirt,,,,,,,TRUE,Color,Deep Charcoal,Size,S,,,BASI-DEE-S,450,shopify,50,deny,manual,199.00,,TRUE,TRUE,,shirts.png,2,Basic Heavy Weight T-Shirt - Deep Charcoal - S,FALSE,,,,unisex,adult,BASI-DEE-S,,,new,FALSE,2026,T-Shirts,,,,shirts.png,g,,79.6,active
basic-heavy-weight-t-shirt,,,,,,,TRUE,Color,Deep Charcoal,Size,M,,,BASI-DEE-M,450,shopify,50,deny,manual,199.00,,TRUE,TRUE,,shirts.png,2,Basic Heavy Weight T-Shirt - Deep Charcoal - M,FALSE,,,,unisex,adult,BASI-DEE-M,,,new,FALSE,2026,T-Shirts,,,,shirts.png,g,,79.6,active
basic-heavy-weight-t-shirt,,,,,,,TRUE,Color,Deep Charcoal,Size,L,,,BASI-DEE-L,450,shopify,50,deny,manual,199.00,,TRUE,TRUE,,shirts.png,2,Basic Heavy Weight T-Shirt - Deep Charcoal - L,FALSE,,,,unisex,adult,BASI-DEE-L,,,new,FALSE,2026,T-Shirts,,,,shirts.png,g,,79.6,active
basic-heavy-weight-t-shirt,,,,,,,TRUE,Color,Deep Charcoal,Size,XL,,,BASI-DEE-XL,450,shopify,50,deny,manual,199.00,,TRUE,TRUE,,shirts.png,2,Basic Heavy Weight T-Shirt - Deep Charcoal - XL,FALSE,,,,unisex,adult,BASI-DEE-XL,,,new,FALSE,2026,T-Shirts,,,,shirts.png,g,,79.6,active
basic-heavy-weight-t-shirt,,,,,,,TRUE,Color,Deep Charcoal,Size,2X,,,BASI-DEE-2X,450,shopify,50,deny,manual,199.00,,TRUE,TRUE,,shirts.png,2,Basic Heavy Weight T-Shirt - Deep Charcoal - 2X,FALSE,,,,unisex,adult,BASI-DEE-2X,,,new,FALSE,2026,T-Shirts,,,,shirts.png,g,,79.6,active
basic-heavy-weight-t-shirt,,,,,,,TRUE,Color,Stone Grey,Size,XS,,,BASI-STO-XS,450,shopify,50,deny,manual,199.00,,TRUE,TRUE,,shirts.png,2,Basic Heavy Weight T-Shirt - Stone Grey - XS,FALSE,,,,unisex,adult,BASI-STO-XS,,,new,FALSE,2026,T-Shirts,,,,shirts.png,g,,79.6,active
basic-heavy-weight-t-shirt,,,,,,,TRUE,Color,Stone Grey,Size,S,,,BASI-STO-S,450,shopify,50,deny,manual,199.00,,TRUE,TRUE,,shirts.png,2,Basic Heavy Weight T-Shirt - Stone Grey - S,FALSE,,,,unisex,adult,BASI-STO-S,,,new,FALSE,2026,T-Shirts,,,,shirts.png,g,,79.6,active
basic-heavy-weight-t-shirt,,,,,,,TRUE,Color,Stone Grey,Size,M,,,BASI-STO-M,450,shopify,50,deny,manual,199.00,,TRUE,TRUE,,shirts.png,2,Basic Heavy Weight T-Shirt - Stone Grey - M,FALSE,,,,unisex,adult,BASI-STO-M,,,new,FALSE,2026,T-Shirts,,,,shirts.png,g,,79.6,active
basic-heavy-weight-t-shirt,,,,,,,TRUE,Color,Stone Grey,Size,L,,,BASI-STO-L,450,shopify,50,deny,manual,199.00,,TRUE,TRUE,,shirts.png,2,Basic Heavy Weight T-Shirt - Stone Grey - L,FALSE,,,,unisex,adult,BASI-STO-L,,,new,FALSE,2026,T-Shirts,,,,shirts.png,g,,79.6,active
basic-heavy-weight-t-shirt,,,,,,,TRUE,Color,Stone Grey,Size,XL,,,BASI-STO-XL,450,shopify,50,deny,manual,199.00,,TRUE,TRUE,,shirts.png,2,Basic Heavy Weight T-Shirt - Stone Grey - XL,FALSE,,,,unisex,adult,BASI-STO-XL,,,new,FALSE,2026,T-Shirts,,,,shirts.png,g,,79.6,active
basic-heavy-weight-t-shirt,,,,,,,TRUE,Color,Stone Grey,Size,2X,,,BASI-STO-2X,450,shopify,50,deny,manual,199.00,,TRUE,TRUE,,shirts.png,2,Basic Heavy Weight T-Shirt - Stone Grey - 2X,FALSE,,,,unisex,adult,BASI-STO-2X,,,new,FALSE,2026,T-Shirts,,,,shirts.png,g,,79.6,active
full-sleeve-zipper-jacket,Full Sleeve Zipper Jacket,"<p>Minimalist transitional zip jacket crafted from bonded technical cotton jersey with a smooth matte finish. Features two-way front metal zipper closure, concealed side welt pockets, and a clean architectural collar tailored for lightweight layering.</p>",XIV,Apparel & Accessories > Clothing > Outerwear > Coats & Jackets,Jackets,"Jackets, Outerwear, Full Sleeve Zipper, Summer 2026, Men, New",TRUE,Color,Sky Blue,Size,XS,,,FULL-SKY-XS,450,shopify,50,deny,manual,199.00,249.00,TRUE,TRUE,,Rectangle 3 (5).png,1,Full Sleeve Zipper Jacket - Sky Blue - XS,FALSE,Full Sleeve Zipper Jacket | XIV 2026 Collection,Shop the Full Sleeve Zipper Jacket from XIV Summer 2026. Premium organic fabric and relaxed tailoring.,,unisex,adult,FULL-SKY-XS,,,new,FALSE,2026,Jackets,,,,Rectangle 3 (5).png,g,,79.6,active
full-sleeve-zipper-jacket,,,,,,,TRUE,Color,Sky Blue,Size,S,,,FULL-SKY-S,450,shopify,50,deny,manual,199.00,249.00,TRUE,TRUE,,Rectangle 3 (3).png,2,Full Sleeve Zipper Jacket - Sky Blue - S,FALSE,,,,unisex,adult,FULL-SKY-S,,,new,FALSE,2026,Jackets,,,,Rectangle 3 (3).png,g,,79.6,active
full-sleeve-zipper-jacket,,,,,,,TRUE,Color,Sky Blue,Size,M,,,FULL-SKY-M,450,shopify,50,deny,manual,199.00,249.00,TRUE,TRUE,,Rectangle 3 (3).png,2,Full Sleeve Zipper Jacket - Sky Blue - M,FALSE,,,,unisex,adult,FULL-SKY-M,,,new,FALSE,2026,Jackets,,,,Rectangle 3 (3).png,g,,79.6,active
full-sleeve-zipper-jacket,,,,,,,TRUE,Color,Sky Blue,Size,L,,,FULL-SKY-L,450,shopify,50,deny,manual,199.00,249.00,TRUE,TRUE,,Rectangle 3 (3).png,2,Full Sleeve Zipper Jacket - Sky Blue - L,FALSE,,,,unisex,adult,FULL-SKY-L,,,new,FALSE,2026,Jackets,,,,Rectangle 3 (3).png,g,,79.6,active
full-sleeve-zipper-jacket,,,,,,,TRUE,Color,Sky Blue,Size,XL,,,FULL-SKY-XL,450,shopify,50,deny,manual,199.00,249.00,TRUE,TRUE,,Rectangle 3 (3).png,2,Full Sleeve Zipper Jacket - Sky Blue - XL,FALSE,,,,unisex,adult,FULL-SKY-XL,,,new,FALSE,2026,Jackets,,,,Rectangle 3 (3).png,g,,79.6,active
full-sleeve-zipper-jacket,,,,,,,TRUE,Color,Sky Blue,Size,2X,,,FULL-SKY-2X,450,shopify,50,deny,manual,199.00,249.00,TRUE,TRUE,,Rectangle 3 (3).png,2,Full Sleeve Zipper Jacket - Sky Blue - 2X,FALSE,,,,unisex,adult,FULL-SKY-2X,,,new,FALSE,2026,Jackets,,,,Rectangle 3 (3).png,g,,79.6,active
full-sleeve-zipper-jacket,,,,,,,TRUE,Color,Solid Black,Size,XS,,,FULL-SOL-XS,450,shopify,50,deny,manual,199.00,249.00,TRUE,TRUE,,Rectangle 3 (3).png,2,Full Sleeve Zipper Jacket - Solid Black - XS,FALSE,,,,unisex,adult,FULL-SOL-XS,,,new,FALSE,2026,Jackets,,,,Rectangle 3 (3).png,g,,79.6,active
full-sleeve-zipper-jacket,,,,,,,TRUE,Color,Solid Black,Size,S,,,FULL-SOL-S,450,shopify,50,deny,manual,199.00,249.00,TRUE,TRUE,,Rectangle 3 (3).png,2,Full Sleeve Zipper Jacket - Solid Black - S,FALSE,,,,unisex,adult,FULL-SOL-S,,,new,FALSE,2026,Jackets,,,,Rectangle 3 (3).png,g,,79.6,active
full-sleeve-zipper-jacket,,,,,,,TRUE,Color,Solid Black,Size,M,,,FULL-SOL-M,450,shopify,50,deny,manual,199.00,249.00,TRUE,TRUE,,Rectangle 3 (3).png,2,Full Sleeve Zipper Jacket - Solid Black - M,FALSE,,,,unisex,adult,FULL-SOL-M,,,new,FALSE,2026,Jackets,,,,Rectangle 3 (3).png,g,,79.6,active
full-sleeve-zipper-jacket,,,,,,,TRUE,Color,Solid Black,Size,L,,,FULL-SOL-L,450,shopify,50,deny,manual,199.00,249.00,TRUE,TRUE,,Rectangle 3 (3).png,2,Full Sleeve Zipper Jacket - Solid Black - L,FALSE,,,,unisex,adult,FULL-SOL-L,,,new,FALSE,2026,Jackets,,,,Rectangle 3 (3).png,g,,79.6,active
full-sleeve-zipper-jacket,,,,,,,TRUE,Color,Solid Black,Size,XL,,,FULL-SOL-XL,450,shopify,50,deny,manual,199.00,249.00,TRUE,TRUE,,Rectangle 3 (3).png,2,Full Sleeve Zipper Jacket - Solid Black - XL,FALSE,,,,unisex,adult,FULL-SOL-XL,,,new,FALSE,2026,Jackets,,,,Rectangle 3 (3).png,g,,79.6,active
full-sleeve-zipper-jacket,,,,,,,TRUE,Color,Solid Black,Size,2X,,,FULL-SOL-2X,450,shopify,50,deny,manual,199.00,249.00,TRUE,TRUE,,Rectangle 3 (3).png,2,Full Sleeve Zipper Jacket - Solid Black - 2X,FALSE,,,,unisex,adult,FULL-SOL-2X,,,new,FALSE,2026,Jackets,,,,Rectangle 3 (3).png,g,,79.6,active
full-sleeve-zipper-jacket,,,,,,,TRUE,Color,Chalk White,Size,XS,,,FULL-CHA-XS,450,shopify,50,deny,manual,199.00,249.00,TRUE,TRUE,,Rectangle 3 (3).png,2,Full Sleeve Zipper Jacket - Chalk White - XS,FALSE,,,,unisex,adult,FULL-CHA-XS,,,new,FALSE,2026,Jackets,,,,Rectangle 3 (3).png,g,,79.6,active
full-sleeve-zipper-jacket,,,,,,,TRUE,Color,Chalk White,Size,S,,,FULL-CHA-S,450,shopify,50,deny,manual,199.00,249.00,TRUE,TRUE,,Rectangle 3 (3).png,2,Full Sleeve Zipper Jacket - Chalk White - S,FALSE,,,,unisex,adult,FULL-CHA-S,,,new,FALSE,2026,Jackets,,,,Rectangle 3 (3).png,g,,79.6,active
full-sleeve-zipper-jacket,,,,,,,TRUE,Color,Chalk White,Size,M,,,FULL-CHA-M,450,shopify,50,deny,manual,199.00,249.00,TRUE,TRUE,,Rectangle 3 (3).png,2,Full Sleeve Zipper Jacket - Chalk White - M,FALSE,,,,unisex,adult,FULL-CHA-M,,,new,FALSE,2026,Jackets,,,,Rectangle 3 (3).png,g,,79.6,active
full-sleeve-zipper-jacket,,,,,,,TRUE,Color,Chalk White,Size,L,,,FULL-CHA-L,450,shopify,50,deny,manual,199.00,249.00,TRUE,TRUE,,Rectangle 3 (3).png,2,Full Sleeve Zipper Jacket - Chalk White - L,FALSE,,,,unisex,adult,FULL-CHA-L,,,new,FALSE,2026,Jackets,,,,Rectangle 3 (3).png,g,,79.6,active
full-sleeve-zipper-jacket,,,,,,,TRUE,Color,Chalk White,Size,XL,,,FULL-CHA-XL,450,shopify,50,deny,manual,199.00,249.00,TRUE,TRUE,,Rectangle 3 (3).png,2,Full Sleeve Zipper Jacket - Chalk White - XL,FALSE,,,,unisex,adult,FULL-CHA-XL,,,new,FALSE,2026,Jackets,,,,Rectangle 3 (3).png,g,,79.6,active
full-sleeve-zipper-jacket,,,,,,,TRUE,Color,Chalk White,Size,2X,,,FULL-CHA-2X,450,shopify,50,deny,manual,199.00,249.00,TRUE,TRUE,,Rectangle 3 (3).png,2,Full Sleeve Zipper Jacket - Chalk White - 2X,FALSE,,,,unisex,adult,FULL-CHA-2X,,,new,FALSE,2026,Jackets,,,,Rectangle 3 (3).png,g,,79.6,active
embroidered-seersucker-shirt,Embroidered Seersucker Shirt,"<p>Short sleeve relaxed-fit button-up shirt crafted in lightweight textured seersucker fabric featuring artisanal green contour embroidery. Designed with a classic camp collar, straight hem, and relaxed silhouette ideal for Summer 2026 warm-weather styling.</p>",XIV,Apparel & Accessories > Clothing > Shirts & Tops,Shirts,"Shirts, New, Summer 2026, Men, Seersucker, Embroidery, Best Sellers",TRUE,Color,Grey with Green Line,Size,XS,,,EMBR-GRE-XS,450,shopify,50,deny,manual,99.00,139.00,TRUE,TRUE,,Group 66.png,1,Embroidered Seersucker Shirt - Grey with Green Line - XS,FALSE,Embroidered Seersucker Shirt | XIV 2026 Collection,Shop the Embroidered Seersucker Shirt from XIV Summer 2026. Premium organic fabric and relaxed tailoring.,,unisex,adult,EMBR-GRE-XS,,,new,FALSE,2026,Shirts,,,,Group 66.png,g,,39.6,active
embroidered-seersucker-shirt,,,,,,,TRUE,Color,Grey with Green Line,Size,S,,,EMBR-GRE-S,450,shopify,50,deny,manual,99.00,139.00,TRUE,TRUE,,Group 66.png,1,Embroidered Seersucker Shirt - Grey with Green Line - S,FALSE,,,,unisex,adult,EMBR-GRE-S,,,new,FALSE,2026,Shirts,,,,Group 66.png,g,,39.6,active
embroidered-seersucker-shirt,,,,,,,TRUE,Color,Grey with Green Line,Size,M,,,EMBR-GRE-M,450,shopify,50,deny,manual,99.00,139.00,TRUE,TRUE,,Group 66.png,1,Embroidered Seersucker Shirt - Grey with Green Line - M,FALSE,,,,unisex,adult,EMBR-GRE-M,,,new,FALSE,2026,Shirts,,,,Group 66.png,g,,39.6,active
embroidered-seersucker-shirt,,,,,,,TRUE,Color,Grey with Green Line,Size,L,,,EMBR-GRE-L,450,shopify,50,deny,manual,99.00,139.00,TRUE,TRUE,,Group 66.png,1,Embroidered Seersucker Shirt - Grey with Green Line - L,FALSE,,,,unisex,adult,EMBR-GRE-L,,,new,FALSE,2026,Shirts,,,,Group 66.png,g,,39.6,active
embroidered-seersucker-shirt,,,,,,,TRUE,Color,Grey with Green Line,Size,XL,,,EMBR-GRE-XL,450,shopify,50,deny,manual,99.00,139.00,TRUE,TRUE,,Group 66.png,1,Embroidered Seersucker Shirt - Grey with Green Line - XL,FALSE,,,,unisex,adult,EMBR-GRE-XL,,,new,FALSE,2026,Shirts,,,,Group 66.png,g,,39.6,active
embroidered-seersucker-shirt,,,,,,,TRUE,Color,Grey with Green Line,Size,2X,,,EMBR-GRE-2X,450,shopify,50,deny,manual,99.00,139.00,TRUE,TRUE,,Group 66.png,1,Embroidered Seersucker Shirt - Grey with Green Line - 2X,FALSE,,,,unisex,adult,EMBR-GRE-2X,,,new,FALSE,2026,Shirts,,,,Group 66.png,g,,39.6,active
embroidered-seersucker-shirt,,,,,,,TRUE,Color,Off-White with Black Line,Size,XS,,,EMBR-OFF-XS,450,shopify,50,deny,manual,99.00,139.00,TRUE,TRUE,,Group 66.png,1,Embroidered Seersucker Shirt - Off-White with Black Line - XS,FALSE,,,,unisex,adult,EMBR-OFF-XS,,,new,FALSE,2026,Shirts,,,,Group 66.png,g,,39.6,active
embroidered-seersucker-shirt,,,,,,,TRUE,Color,Off-White with Black Line,Size,S,,,EMBR-OFF-S,450,shopify,50,deny,manual,99.00,139.00,TRUE,TRUE,,Group 66.png,1,Embroidered Seersucker Shirt - Off-White with Black Line - S,FALSE,,,,unisex,adult,EMBR-OFF-S,,,new,FALSE,2026,Shirts,,,,Group 66.png,g,,39.6,active
embroidered-seersucker-shirt,,,,,,,TRUE,Color,Off-White with Black Line,Size,M,,,EMBR-OFF-M,450,shopify,50,deny,manual,99.00,139.00,TRUE,TRUE,,Group 66.png,1,Embroidered Seersucker Shirt - Off-White with Black Line - M,FALSE,,,,unisex,adult,EMBR-OFF-M,,,new,FALSE,2026,Shirts,,,,Group 66.png,g,,39.6,active
embroidered-seersucker-shirt,,,,,,,TRUE,Color,Off-White with Black Line,Size,L,,,EMBR-OFF-L,450,shopify,50,deny,manual,99.00,139.00,TRUE,TRUE,,Group 66.png,1,Embroidered Seersucker Shirt - Off-White with Black Line - L,FALSE,,,,unisex,adult,EMBR-OFF-L,,,new,FALSE,2026,Shirts,,,,Group 66.png,g,,39.6,active
embroidered-seersucker-shirt,,,,,,,TRUE,Color,Off-White with Black Line,Size,XL,,,EMBR-OFF-XL,450,shopify,50,deny,manual,99.00,139.00,TRUE,TRUE,,Group 66.png,1,Embroidered Seersucker Shirt - Off-White with Black Line - XL,FALSE,,,,unisex,adult,EMBR-OFF-XL,,,new,FALSE,2026,Shirts,,,,Group 66.png,g,,39.6,active
embroidered-seersucker-shirt,,,,,,,TRUE,Color,Off-White with Black Line,Size,2X,,,EMBR-OFF-2X,450,shopify,50,deny,manual,99.00,139.00,TRUE,TRUE,,Group 66.png,1,Embroidered Seersucker Shirt - Off-White with Black Line - 2X,FALSE,,,,unisex,adult,EMBR-OFF-2X,,,new,FALSE,2026,Shirts,,,,Group 66.png,g,,39.6,active
blurred-print-t-shirt,Blurred Print T-Shirt,<p>Boxy-cut crewneck t-shirt made with midweight washed jersey cotton showcasing an atmospheric blurred floral watercolor graphic on the torso. Garment-dyed for a lived-in feel and modern tactile nuance.</p>,XIV,Apparel & Accessories > Clothing > Shirts & Tops > T-Shirts,T-Shirts,"T-Shirts, Henley T-Shirt, Graphic, Summer 2026, Men, New",TRUE,Color,Cream Floral,Size,XS,,,BLUR-CRE-XS,450,shopify,50,deny,manual,99.00,,TRUE,TRUE,,Group 69.png,1,Blurred Print T-Shirt - Cream Floral - XS,FALSE,Blurred Print T-Shirt | XIV 2026 Collection,Shop the Blurred Print T-Shirt from XIV Summer 2026. Premium organic fabric and relaxed tailoring.,,unisex,adult,BLUR-CRE-XS,,,new,FALSE,2026,T-Shirts,,,,Group 69.png,g,,39.6,active
blurred-print-t-shirt,,,,,,,TRUE,Color,Cream Floral,Size,S,,,BLUR-CRE-S,450,shopify,50,deny,manual,99.00,,TRUE,TRUE,,Group 69.png,1,Blurred Print T-Shirt - Cream Floral - S,FALSE,,,,unisex,adult,BLUR-CRE-S,,,new,FALSE,2026,T-Shirts,,,,Group 69.png,g,,39.6,active
blurred-print-t-shirt,,,,,,,TRUE,Color,Cream Floral,Size,M,,,BLUR-CRE-M,450,shopify,50,deny,manual,99.00,,TRUE,TRUE,,Group 69.png,1,Blurred Print T-Shirt - Cream Floral - M,FALSE,,,,unisex,adult,BLUR-CRE-M,,,new,FALSE,2026,T-Shirts,,,,Group 69.png,g,,39.6,active
blurred-print-t-shirt,,,,,,,TRUE,Color,Cream Floral,Size,L,,,BLUR-CRE-L,450,shopify,50,deny,manual,99.00,,TRUE,TRUE,,Group 69.png,1,Blurred Print T-Shirt - Cream Floral - L,FALSE,,,,unisex,adult,BLUR-CRE-L,,,new,FALSE,2026,T-Shirts,,,,Group 69.png,g,,39.6,active
blurred-print-t-shirt,,,,,,,TRUE,Color,Cream Floral,Size,XL,,,BLUR-CRE-XL,450,shopify,50,deny,manual,99.00,,TRUE,TRUE,,Group 69.png,1,Blurred Print T-Shirt - Cream Floral - XL,FALSE,,,,unisex,adult,BLUR-CRE-XL,,,new,FALSE,2026,T-Shirts,,,,Group 69.png,g,,39.6,active
blurred-print-t-shirt,,,,,,,TRUE,Color,Cream Floral,Size,2X,,,BLUR-CRE-2X,450,shopify,50,deny,manual,99.00,,TRUE,TRUE,,Group 69.png,1,Blurred Print T-Shirt - Cream Floral - 2X,FALSE,,,,unisex,adult,BLUR-CRE-2X,,,new,FALSE,2026,T-Shirts,,,,Group 69.png,g,,39.6,active
blurred-print-t-shirt,,,,,,,TRUE,Color,Washed Charcoal,Size,XS,,,BLUR-WAS-XS,450,shopify,50,deny,manual,99.00,,TRUE,TRUE,,Group 69.png,1,Blurred Print T-Shirt - Washed Charcoal - XS,FALSE,,,,unisex,adult,BLUR-WAS-XS,,,new,FALSE,2026,T-Shirts,,,,Group 69.png,g,,39.6,active
blurred-print-t-shirt,,,,,,,TRUE,Color,Washed Charcoal,Size,S,,,BLUR-WAS-S,450,shopify,50,deny,manual,99.00,,TRUE,TRUE,,Group 69.png,1,Blurred Print T-Shirt - Washed Charcoal - S,FALSE,,,,unisex,adult,BLUR-WAS-S,,,new,FALSE,2026,T-Shirts,,,,Group 69.png,g,,39.6,active
blurred-print-t-shirt,,,,,,,TRUE,Color,Washed Charcoal,Size,M,,,BLUR-WAS-M,450,shopify,50,deny,manual,99.00,,TRUE,TRUE,,Group 69.png,1,Blurred Print T-Shirt - Washed Charcoal - M,FALSE,,,,unisex,adult,BLUR-WAS-M,,,new,FALSE,2026,T-Shirts,,,,Group 69.png,g,,39.6,active
blurred-print-t-shirt,,,,,,,TRUE,Color,Washed Charcoal,Size,L,,,BLUR-WAS-L,450,shopify,50,deny,manual,99.00,,TRUE,TRUE,,Group 69.png,1,Blurred Print T-Shirt - Washed Charcoal - L,FALSE,,,,unisex,adult,BLUR-WAS-L,,,new,FALSE,2026,T-Shirts,,,,Group 69.png,g,,39.6,active
blurred-print-t-shirt,,,,,,,TRUE,Color,Washed Charcoal,Size,XL,,,BLUR-WAS-XL,450,shopify,50,deny,manual,99.00,,TRUE,TRUE,,Group 69.png,1,Blurred Print T-Shirt - Washed Charcoal - XL,FALSE,,,,unisex,adult,BLUR-WAS-XL,,,new,FALSE,2026,T-Shirts,,,,Group 69.png,g,,39.6,active
blurred-print-t-shirt,,,,,,,TRUE,Color,Washed Charcoal,Size,2X,,,BLUR-WAS-2X,450,shopify,50,deny,manual,99.00,,TRUE,TRUE,,Group 69.png,1,Blurred Print T-Shirt - Washed Charcoal - 2X,FALSE,,,,unisex,adult,BLUR-WAS-2X,,,new,FALSE,2026,T-Shirts,,,,Group 69.png,g,,39.6,active
blurred-print-t-shirt,,,,,,,TRUE,Color,Pale Grey,Size,XS,,,BLUR-PAL-XS,450,shopify,50,deny,manual,99.00,,TRUE,TRUE,,Group 69.png,1,Blurred Print T-Shirt - Pale Grey - XS,FALSE,,,,unisex,adult,BLUR-PAL-XS,,,new,FALSE,2026,T-Shirts,,,,Group 69.png,g,,39.6,active
blurred-print-t-shirt,,,,,,,TRUE,Color,Pale Grey,Size,S,,,BLUR-PAL-S,450,shopify,50,deny,manual,99.00,,TRUE,TRUE,,Group 69.png,1,Blurred Print T-Shirt - Pale Grey - S,FALSE,,,,unisex,adult,BLUR-PAL-S,,,new,FALSE,2026,T-Shirts,,,,Group 69.png,g,,39.6,active
blurred-print-t-shirt,,,,,,,TRUE,Color,Pale Grey,Size,M,,,BLUR-PAL-M,450,shopify,50,deny,manual,99.00,,TRUE,TRUE,,Group 69.png,1,Blurred Print T-Shirt - Pale Grey - M,FALSE,,,,unisex,adult,BLUR-PAL-M,,,new,FALSE,2026,T-Shirts,,,,Group 69.png,g,,39.6,active
blurred-print-t-shirt,,,,,,,TRUE,Color,Pale Grey,Size,L,,,BLUR-PAL-L,450,shopify,50,deny,manual,99.00,,TRUE,TRUE,,Group 69.png,1,Blurred Print T-Shirt - Pale Grey - L,FALSE,,,,unisex,adult,BLUR-PAL-L,,,new,FALSE,2026,T-Shirts,,,,Group 69.png,g,,39.6,active
blurred-print-t-shirt,,,,,,,TRUE,Color,Pale Grey,Size,XL,,,BLUR-PAL-XL,450,shopify,50,deny,manual,99.00,,TRUE,TRUE,,Group 69.png,1,Blurred Print T-Shirt - Pale Grey - XL,FALSE,,,,unisex,adult,BLUR-PAL-XL,,,new,FALSE,2026,T-Shirts,,,,Group 69.png,g,,39.6,active
blurred-print-t-shirt,,,,,,,TRUE,Color,Pale Grey,Size,2X,,,BLUR-PAL-2X,450,shopify,50,deny,manual,99.00,,TRUE,TRUE,,Group 69.png,1,Blurred Print T-Shirt - Pale Grey - 2X,FALSE,,,,unisex,adult,BLUR-PAL-2X,,,new,FALSE,2026,T-Shirts,,,,Group 69.png,g,,39.6,active
soft-wash-straight-fit-jeans,Soft Wash Straight Fit Jeans,"<p>Classic five-pocket straight-leg denim jeans constructed from 13.5 oz Japanese selvedge denim in a vintage stone tint. Features branded metal rivets, custom button fly, and natural fading for effortless everyday refinement.</p>",XIV,Apparel & Accessories > Clothing > Pants > Jeans,Jeans,"Jeans, Cotton Jeans, Men, Denim, Summer 2026, Essentials",TRUE,Color,Stone Beige,Size,XS,,,SOFT-STO-XS,450,shopify,50,deny,manual,199.00,,TRUE,TRUE,,Rectangle 3 (4).png,1,Soft Wash Straight Fit Jeans - Stone Beige - XS,FALSE,Soft Wash Straight Fit Jeans | XIV 2026 Collection,Shop the Soft Wash Straight Fit Jeans from XIV Summer 2026. Premium organic fabric and relaxed tailoring.,,unisex,adult,SOFT-STO-XS,,,new,FALSE,2026,Jeans,,,,Rectangle 3 (4).png,g,,79.6,active
soft-wash-straight-fit-jeans,,,,,,,TRUE,Color,Stone Beige,Size,S,,,SOFT-STO-S,450,shopify,50,deny,manual,199.00,,TRUE,TRUE,,Rectangle 14.png,2,Soft Wash Straight Fit Jeans - Stone Beige - S,FALSE,,,,unisex,adult,SOFT-STO-S,,,new,FALSE,2026,Jeans,,,,Rectangle 14.png,g,,79.6,active
soft-wash-straight-fit-jeans,,,,,,,TRUE,Color,Stone Beige,Size,M,,,SOFT-STO-M,450,shopify,50,deny,manual,199.00,,TRUE,TRUE,,Rectangle 14.png,2,Soft Wash Straight Fit Jeans - Stone Beige - M,FALSE,,,,unisex,adult,SOFT-STO-M,,,new,FALSE,2026,Jeans,,,,Rectangle 14.png,g,,79.6,active
soft-wash-straight-fit-jeans,,,,,,,TRUE,Color,Stone Beige,Size,L,,,SOFT-STO-L,450,shopify,50,deny,manual,199.00,,TRUE,TRUE,,Rectangle 14.png,2,Soft Wash Straight Fit Jeans - Stone Beige - L,FALSE,,,,unisex,adult,SOFT-STO-L,,,new,FALSE,2026,Jeans,,,,Rectangle 14.png,g,,79.6,active
soft-wash-straight-fit-jeans,,,,,,,TRUE,Color,Stone Beige,Size,XL,,,SOFT-STO-XL,450,shopify,50,deny,manual,199.00,,TRUE,TRUE,,Rectangle 14.png,2,Soft Wash Straight Fit Jeans - Stone Beige - XL,FALSE,,,,unisex,adult,SOFT-STO-XL,,,new,FALSE,2026,Jeans,,,,Rectangle 14.png,g,,79.6,active
soft-wash-straight-fit-jeans,,,,,,,TRUE,Color,Stone Beige,Size,2X,,,SOFT-STO-2X,450,shopify,50,deny,manual,199.00,,TRUE,TRUE,,Rectangle 14.png,2,Soft Wash Straight Fit Jeans - Stone Beige - 2X,FALSE,,,,unisex,adult,SOFT-STO-2X,,,new,FALSE,2026,Jeans,,,,Rectangle 14.png,g,,79.6,active
soft-wash-straight-fit-jeans,,,,,,,TRUE,Color,Raw Indigo,Size,XS,,,SOFT-RAW-XS,450,shopify,50,deny,manual,199.00,,TRUE,TRUE,,Rectangle 14.png,2,Soft Wash Straight Fit Jeans - Raw Indigo - XS,FALSE,,,,unisex,adult,SOFT-RAW-XS,,,new,FALSE,2026,Jeans,,,,Rectangle 14.png,g,,79.6,active
soft-wash-straight-fit-jeans,,,,,,,TRUE,Color,Raw Indigo,Size,S,,,SOFT-RAW-S,450,shopify,50,deny,manual,199.00,,TRUE,TRUE,,Rectangle 14.png,2,Soft Wash Straight Fit Jeans - Raw Indigo - S,FALSE,,,,unisex,adult,SOFT-RAW-S,,,new,FALSE,2026,Jeans,,,,Rectangle 14.png,g,,79.6,active
soft-wash-straight-fit-jeans,,,,,,,TRUE,Color,Raw Indigo,Size,M,,,SOFT-RAW-M,450,shopify,50,deny,manual,199.00,,TRUE,TRUE,,Rectangle 14.png,2,Soft Wash Straight Fit Jeans - Raw Indigo - M,FALSE,,,,unisex,adult,SOFT-RAW-M,,,new,FALSE,2026,Jeans,,,,Rectangle 14.png,g,,79.6,active
soft-wash-straight-fit-jeans,,,,,,,TRUE,Color,Raw Indigo,Size,L,,,SOFT-RAW-L,450,shopify,50,deny,manual,199.00,,TRUE,TRUE,,Rectangle 14.png,2,Soft Wash Straight Fit Jeans - Raw Indigo - L,FALSE,,,,unisex,adult,SOFT-RAW-L,,,new,FALSE,2026,Jeans,,,,Rectangle 14.png,g,,79.6,active
soft-wash-straight-fit-jeans,,,,,,,TRUE,Color,Raw Indigo,Size,XL,,,SOFT-RAW-XL,450,shopify,50,deny,manual,199.00,,TRUE,TRUE,,Rectangle 14.png,2,Soft Wash Straight Fit Jeans - Raw Indigo - XL,FALSE,,,,unisex,adult,SOFT-RAW-XL,,,new,FALSE,2026,Jeans,,,,Rectangle 14.png,g,,79.6,active
soft-wash-straight-fit-jeans,,,,,,,TRUE,Color,Raw Indigo,Size,2X,,,SOFT-RAW-2X,450,shopify,50,deny,manual,199.00,,TRUE,TRUE,,Rectangle 14.png,2,Soft Wash Straight Fit Jeans - Raw Indigo - 2X,FALSE,,,,unisex,adult,SOFT-RAW-2X,,,new,FALSE,2026,Jeans,,,,Rectangle 14.png,g,,79.6,active
soft-wash-straight-fit-jeans,,,,,,,TRUE,Color,Washed Black,Size,XS,,,SOFT-WAS-XS,450,shopify,50,deny,manual,199.00,,TRUE,TRUE,,Rectangle 14.png,2,Soft Wash Straight Fit Jeans - Washed Black - XS,FALSE,,,,unisex,adult,SOFT-WAS-XS,,,new,FALSE,2026,Jeans,,,,Rectangle 14.png,g,,79.6,active
soft-wash-straight-fit-jeans,,,,,,,TRUE,Color,Washed Black,Size,S,,,SOFT-WAS-S,450,shopify,50,deny,manual,199.00,,TRUE,TRUE,,Rectangle 14.png,2,Soft Wash Straight Fit Jeans - Washed Black - S,FALSE,,,,unisex,adult,SOFT-WAS-S,,,new,FALSE,2026,Jeans,,,,Rectangle 14.png,g,,79.6,active
soft-wash-straight-fit-jeans,,,,,,,TRUE,Color,Washed Black,Size,M,,,SOFT-WAS-M,450,shopify,50,deny,manual,199.00,,TRUE,TRUE,,Rectangle 14.png,2,Soft Wash Straight Fit Jeans - Washed Black - M,FALSE,,,,unisex,adult,SOFT-WAS-M,,,new,FALSE,2026,Jeans,,,,Rectangle 14.png,g,,79.6,active
soft-wash-straight-fit-jeans,,,,,,,TRUE,Color,Washed Black,Size,L,,,SOFT-WAS-L,450,shopify,50,deny,manual,199.00,,TRUE,TRUE,,Rectangle 14.png,2,Soft Wash Straight Fit Jeans - Washed Black - L,FALSE,,,,unisex,adult,SOFT-WAS-L,,,new,FALSE,2026,Jeans,,,,Rectangle 14.png,g,,79.6,active
soft-wash-straight-fit-jeans,,,,,,,TRUE,Color,Washed Black,Size,XL,,,SOFT-WAS-XL,450,shopify,50,deny,manual,199.00,,TRUE,TRUE,,Rectangle 14.png,2,Soft Wash Straight Fit Jeans - Washed Black - XL,FALSE,,,,unisex,adult,SOFT-WAS-XL,,,new,FALSE,2026,Jeans,,,,Rectangle 14.png,g,,79.6,active
soft-wash-straight-fit-jeans,,,,,,,TRUE,Color,Washed Black,Size,2X,,,SOFT-WAS-2X,450,shopify,50,deny,manual,199.00,,TRUE,TRUE,,Rectangle 14.png,2,Soft Wash Straight Fit Jeans - Washed Black - 2X,FALSE,,,,unisex,adult,SOFT-WAS-2X,,,new,FALSE,2026,Jeans,,,,Rectangle 14.png,g,,79.6,active
camo-dye-graphic-oversized-tee,Camo Dye Graphic Oversized Tee,<p>Vintage-inspired acid-washed tie-dye oversized t-shirt in muted olive and earth tones with subtle tonal chest typography. Cut with an exaggerated drop shoulder and relaxed raw-edge hem finish for an effortless street silhouette.</p>,XIV,Apparel & Accessories > Clothing > Shirts & Tops > T-Shirts,T-Shirts,"T-Shirts, Camo, Vintage, Summer 2026, Men, Graphic",TRUE,Color,Olive Tie Dye,Size,XS,,,CAMO-OLI-XS,450,shopify,50,deny,manual,199.00,229.00,TRUE,TRUE,,camostyle dropdown shirt.png,1,Camo Dye Graphic Oversized Tee - Olive Tie Dye - XS,FALSE,Camo Dye Graphic Oversized Tee | XIV 2026 Collection,Shop the Camo Dye Graphic Oversized Tee from XIV Summer 2026. Premium organic fabric and relaxed tailoring.,,unisex,adult,CAMO-OLI-XS,,,new,FALSE,2026,T-Shirts,,,,camostyle dropdown shirt.png,g,,79.6,active
camo-dye-graphic-oversized-tee,,,,,,,TRUE,Color,Olive Tie Dye,Size,S,,,CAMO-OLI-S,450,shopify,50,deny,manual,199.00,229.00,TRUE,TRUE,,camostyle dropdown shirt.png,1,Camo Dye Graphic Oversized Tee - Olive Tie Dye - S,FALSE,,,,unisex,adult,CAMO-OLI-S,,,new,FALSE,2026,T-Shirts,,,,camostyle dropdown shirt.png,g,,79.6,active
camo-dye-graphic-oversized-tee,,,,,,,TRUE,Color,Olive Tie Dye,Size,M,,,CAMO-OLI-M,450,shopify,50,deny,manual,199.00,229.00,TRUE,TRUE,,camostyle dropdown shirt.png,1,Camo Dye Graphic Oversized Tee - Olive Tie Dye - M,FALSE,,,,unisex,adult,CAMO-OLI-M,,,new,FALSE,2026,T-Shirts,,,,camostyle dropdown shirt.png,g,,79.6,active
camo-dye-graphic-oversized-tee,,,,,,,TRUE,Color,Olive Tie Dye,Size,L,,,CAMO-OLI-L,450,shopify,50,deny,manual,199.00,229.00,TRUE,TRUE,,camostyle dropdown shirt.png,1,Camo Dye Graphic Oversized Tee - Olive Tie Dye - L,FALSE,,,,unisex,adult,CAMO-OLI-L,,,new,FALSE,2026,T-Shirts,,,,camostyle dropdown shirt.png,g,,79.6,active
camo-dye-graphic-oversized-tee,,,,,,,TRUE,Color,Olive Tie Dye,Size,XL,,,CAMO-OLI-XL,450,shopify,50,deny,manual,199.00,229.00,TRUE,TRUE,,camostyle dropdown shirt.png,1,Camo Dye Graphic Oversized Tee - Olive Tie Dye - XL,FALSE,,,,unisex,adult,CAMO-OLI-XL,,,new,FALSE,2026,T-Shirts,,,,camostyle dropdown shirt.png,g,,79.6,active
camo-dye-graphic-oversized-tee,,,,,,,TRUE,Color,Olive Tie Dye,Size,2X,,,CAMO-OLI-2X,450,shopify,50,deny,manual,199.00,229.00,TRUE,TRUE,,camostyle dropdown shirt.png,1,Camo Dye Graphic Oversized Tee - Olive Tie Dye - 2X,FALSE,,,,unisex,adult,CAMO-OLI-2X,,,new,FALSE,2026,T-Shirts,,,,camostyle dropdown shirt.png,g,,79.6,active
camo-dye-graphic-oversized-tee,,,,,,,TRUE,Color,Earth Brown,Size,XS,,,CAMO-EAR-XS,450,shopify,50,deny,manual,199.00,229.00,TRUE,TRUE,,camostyle dropdown shirt.png,1,Camo Dye Graphic Oversized Tee - Earth Brown - XS,FALSE,,,,unisex,adult,CAMO-EAR-XS,,,new,FALSE,2026,T-Shirts,,,,camostyle dropdown shirt.png,g,,79.6,active
camo-dye-graphic-oversized-tee,,,,,,,TRUE,Color,Earth Brown,Size,S,,,CAMO-EAR-S,450,shopify,50,deny,manual,199.00,229.00,TRUE,TRUE,,camostyle dropdown shirt.png,1,Camo Dye Graphic Oversized Tee - Earth Brown - S,FALSE,,,,unisex,adult,CAMO-EAR-S,,,new,FALSE,2026,T-Shirts,,,,camostyle dropdown shirt.png,g,,79.6,active
camo-dye-graphic-oversized-tee,,,,,,,TRUE,Color,Earth Brown,Size,M,,,CAMO-EAR-M,450,shopify,50,deny,manual,199.00,229.00,TRUE,TRUE,,camostyle dropdown shirt.png,1,Camo Dye Graphic Oversized Tee - Earth Brown - M,FALSE,,,,unisex,adult,CAMO-EAR-M,,,new,FALSE,2026,T-Shirts,,,,camostyle dropdown shirt.png,g,,79.6,active
camo-dye-graphic-oversized-tee,,,,,,,TRUE,Color,Earth Brown,Size,L,,,CAMO-EAR-L,450,shopify,50,deny,manual,199.00,229.00,TRUE,TRUE,,camostyle dropdown shirt.png,1,Camo Dye Graphic Oversized Tee - Earth Brown - L,FALSE,,,,unisex,adult,CAMO-EAR-L,,,new,FALSE,2026,T-Shirts,,,,camostyle dropdown shirt.png,g,,79.6,active
camo-dye-graphic-oversized-tee,,,,,,,TRUE,Color,Earth Brown,Size,XL,,,CAMO-EAR-XL,450,shopify,50,deny,manual,199.00,229.00,TRUE,TRUE,,camostyle dropdown shirt.png,1,Camo Dye Graphic Oversized Tee - Earth Brown - XL,FALSE,,,,unisex,adult,CAMO-EAR-XL,,,new,FALSE,2026,T-Shirts,,,,camostyle dropdown shirt.png,g,,79.6,active
camo-dye-graphic-oversized-tee,,,,,,,TRUE,Color,Earth Brown,Size,2X,,,CAMO-EAR-2X,450,shopify,50,deny,manual,199.00,229.00,TRUE,TRUE,,camostyle dropdown shirt.png,1,Camo Dye Graphic Oversized Tee - Earth Brown - 2X,FALSE,,,,unisex,adult,CAMO-EAR-2X,,,new,FALSE,2026,T-Shirts,,,,camostyle dropdown shirt.png,g,,79.6,active
camo-dye-graphic-oversized-tee,,,,,,,TRUE,Color,Stone Wash,Size,XS,,,CAMO-STO-XS,450,shopify,50,deny,manual,199.00,229.00,TRUE,TRUE,,camostyle dropdown shirt.png,1,Camo Dye Graphic Oversized Tee - Stone Wash - XS,FALSE,,,,unisex,adult,CAMO-STO-XS,,,new,FALSE,2026,T-Shirts,,,,camostyle dropdown shirt.png,g,,79.6,active
camo-dye-graphic-oversized-tee,,,,,,,TRUE,Color,Stone Wash,Size,S,,,CAMO-STO-S,450,shopify,50,deny,manual,199.00,229.00,TRUE,TRUE,,camostyle dropdown shirt.png,1,Camo Dye Graphic Oversized Tee - Stone Wash - S,FALSE,,,,unisex,adult,CAMO-STO-S,,,new,FALSE,2026,T-Shirts,,,,camostyle dropdown shirt.png,g,,79.6,active
camo-dye-graphic-oversized-tee,,,,,,,TRUE,Color,Stone Wash,Size,M,,,CAMO-STO-M,450,shopify,50,deny,manual,199.00,229.00,TRUE,TRUE,,camostyle dropdown shirt.png,1,Camo Dye Graphic Oversized Tee - Stone Wash - M,FALSE,,,,unisex,adult,CAMO-STO-M,,,new,FALSE,2026,T-Shirts,,,,camostyle dropdown shirt.png,g,,79.6,active
camo-dye-graphic-oversized-tee,,,,,,,TRUE,Color,Stone Wash,Size,L,,,CAMO-STO-L,450,shopify,50,deny,manual,199.00,229.00,TRUE,TRUE,,camostyle dropdown shirt.png,1,Camo Dye Graphic Oversized Tee - Stone Wash - L,FALSE,,,,unisex,adult,CAMO-STO-L,,,new,FALSE,2026,T-Shirts,,,,camostyle dropdown shirt.png,g,,79.6,active
camo-dye-graphic-oversized-tee,,,,,,,TRUE,Color,Stone Wash,Size,XL,,,CAMO-STO-XL,450,shopify,50,deny,manual,199.00,229.00,TRUE,TRUE,,camostyle dropdown shirt.png,1,Camo Dye Graphic Oversized Tee - Stone Wash - XL,FALSE,,,,unisex,adult,CAMO-STO-XL,,,new,FALSE,2026,T-Shirts,,,,camostyle dropdown shirt.png,g,,79.6,active
camo-dye-graphic-oversized-tee,,,,,,,TRUE,Color,Stone Wash,Size,2X,,,CAMO-STO-2X,450,shopify,50,deny,manual,199.00,229.00,TRUE,TRUE,,camostyle dropdown shirt.png,1,Camo Dye Graphic Oversized Tee - Stone Wash - 2X,FALSE,,,,unisex,adult,CAMO-STO-2X,,,new,FALSE,2026,T-Shirts,,,,camostyle dropdown shirt.png,g,,79.6,active
minimalist-tailored-overcoat,Minimalist Tailored Overcoat,"<p>Unstructured single-breasted wool-blend overcoat with notch lapels, horn button closures, and deep side welt pockets. Part of the editorial capsule for Our Approach To Fashion Design 2026.</p>",XIV,Apparel & Accessories > Clothing > Outerwear > Coats & Jackets,Jackets,"Jackets, Overcoat, Outerwear, Summer 2026, Men, Editorial",TRUE,Color,Heather Grey,Size,XS,,,MINI-HEA-XS,450,shopify,50,deny,manual,380.00,450.00,TRUE,TRUE,,Rectangle 12.png,1,Minimalist Tailored Overcoat - Heather Grey - XS,FALSE,Minimalist Tailored Overcoat | XIV 2026 Collection,Shop the Minimalist Tailored Overcoat from XIV Summer 2026. Premium organic fabric and relaxed tailoring.,,unisex,adult,MINI-HEA-XS,,,new,FALSE,2026,Jackets,,,,Rectangle 12.png,g,,152.0,active
minimalist-tailored-overcoat,,,,,,,TRUE,Color,Heather Grey,Size,S,,,MINI-HEA-S,450,shopify,50,deny,manual,380.00,450.00,TRUE,TRUE,,Rectangle 12.png,1,Minimalist Tailored Overcoat - Heather Grey - S,FALSE,,,,unisex,adult,MINI-HEA-S,,,new,FALSE,2026,Jackets,,,,Rectangle 12.png,g,,152.0,active
minimalist-tailored-overcoat,,,,,,,TRUE,Color,Heather Grey,Size,M,,,MINI-HEA-M,450,shopify,50,deny,manual,380.00,450.00,TRUE,TRUE,,Rectangle 12.png,1,Minimalist Tailored Overcoat - Heather Grey - M,FALSE,,,,unisex,adult,MINI-HEA-M,,,new,FALSE,2026,Jackets,,,,Rectangle 12.png,g,,152.0,active
minimalist-tailored-overcoat,,,,,,,TRUE,Color,Heather Grey,Size,L,,,MINI-HEA-L,450,shopify,50,deny,manual,380.00,450.00,TRUE,TRUE,,Rectangle 12.png,1,Minimalist Tailored Overcoat - Heather Grey - L,FALSE,,,,unisex,adult,MINI-HEA-L,,,new,FALSE,2026,Jackets,,,,Rectangle 12.png,g,,152.0,active
minimalist-tailored-overcoat,,,,,,,TRUE,Color,Heather Grey,Size,XL,,,MINI-HEA-XL,450,shopify,50,deny,manual,380.00,450.00,TRUE,TRUE,,Rectangle 12.png,1,Minimalist Tailored Overcoat - Heather Grey - XL,FALSE,,,,unisex,adult,MINI-HEA-XL,,,new,FALSE,2026,Jackets,,,,Rectangle 12.png,g,,152.0,active
minimalist-tailored-overcoat,,,,,,,TRUE,Color,Heather Grey,Size,2X,,,MINI-HEA-2X,450,shopify,50,deny,manual,380.00,450.00,TRUE,TRUE,,Rectangle 12.png,1,Minimalist Tailored Overcoat - Heather Grey - 2X,FALSE,,,,unisex,adult,MINI-HEA-2X,,,new,FALSE,2026,Jackets,,,,Rectangle 12.png,g,,152.0,active
minimalist-tailored-overcoat,,,,,,,TRUE,Color,Charcoal Black,Size,XS,,,MINI-CHA-XS,450,shopify,50,deny,manual,380.00,450.00,TRUE,TRUE,,Rectangle 12.png,1,Minimalist Tailored Overcoat - Charcoal Black - XS,FALSE,,,,unisex,adult,MINI-CHA-XS,,,new,FALSE,2026,Jackets,,,,Rectangle 12.png,g,,152.0,active
minimalist-tailored-overcoat,,,,,,,TRUE,Color,Charcoal Black,Size,S,,,MINI-CHA-S,450,shopify,50,deny,manual,380.00,450.00,TRUE,TRUE,,Rectangle 12.png,1,Minimalist Tailored Overcoat - Charcoal Black - S,FALSE,,,,unisex,adult,MINI-CHA-S,,,new,FALSE,2026,Jackets,,,,Rectangle 12.png,g,,152.0,active
minimalist-tailored-overcoat,,,,,,,TRUE,Color,Charcoal Black,Size,M,,,MINI-CHA-M,450,shopify,50,deny,manual,380.00,450.00,TRUE,TRUE,,Rectangle 12.png,1,Minimalist Tailored Overcoat - Charcoal Black - M,FALSE,,,,unisex,adult,MINI-CHA-M,,,new,FALSE,2026,Jackets,,,,Rectangle 12.png,g,,152.0,active
minimalist-tailored-overcoat,,,,,,,TRUE,Color,Charcoal Black,Size,L,,,MINI-CHA-L,450,shopify,50,deny,manual,380.00,450.00,TRUE,TRUE,,Rectangle 12.png,1,Minimalist Tailored Overcoat - Charcoal Black - L,FALSE,,,,unisex,adult,MINI-CHA-L,,,new,FALSE,2026,Jackets,,,,Rectangle 12.png,g,,152.0,active
minimalist-tailored-overcoat,,,,,,,TRUE,Color,Charcoal Black,Size,XL,,,MINI-CHA-XL,450,shopify,50,deny,manual,380.00,450.00,TRUE,TRUE,,Rectangle 12.png,1,Minimalist Tailored Overcoat - Charcoal Black - XL,FALSE,,,,unisex,adult,MINI-CHA-XL,,,new,FALSE,2026,Jackets,,,,Rectangle 12.png,g,,152.0,active
minimalist-tailored-overcoat,,,,,,,TRUE,Color,Charcoal Black,Size,2X,,,MINI-CHA-2X,450,shopify,50,deny,manual,380.00,450.00,TRUE,TRUE,,Rectangle 12.png,1,Minimalist Tailored Overcoat - Charcoal Black - 2X,FALSE,,,,unisex,adult,MINI-CHA-2X,,,new,FALSE,2026,Jackets,,,,Rectangle 12.png,g,,152.0,active
minimalist-tailored-overcoat,,,,,,,TRUE,Color,Oatmeal Camel,Size,XS,,,MINI-OAT-XS,450,shopify,50,deny,manual,380.00,450.00,TRUE,TRUE,,Rectangle 12.png,1,Minimalist Tailored Overcoat - Oatmeal Camel - XS,FALSE,,,,unisex,adult,MINI-OAT-XS,,,new,FALSE,2026,Jackets,,,,Rectangle 12.png,g,,152.0,active
minimalist-tailored-overcoat,,,,,,,TRUE,Color,Oatmeal Camel,Size,S,,,MINI-OAT-S,450,shopify,50,deny,manual,380.00,450.00,TRUE,TRUE,,Rectangle 12.png,1,Minimalist Tailored Overcoat - Oatmeal Camel - S,FALSE,,,,unisex,adult,MINI-OAT-S,,,new,FALSE,2026,Jackets,,,,Rectangle 12.png,g,,152.0,active
minimalist-tailored-overcoat,,,,,,,TRUE,Color,Oatmeal Camel,Size,M,,,MINI-OAT-M,450,shopify,50,deny,manual,380.00,450.00,TRUE,TRUE,,Rectangle 12.png,1,Minimalist Tailored Overcoat - Oatmeal Camel - M,FALSE,,,,unisex,adult,MINI-OAT-M,,,new,FALSE,2026,Jackets,,,,Rectangle 12.png,g,,152.0,active
minimalist-tailored-overcoat,,,,,,,TRUE,Color,Oatmeal Camel,Size,L,,,MINI-OAT-L,450,shopify,50,deny,manual,380.00,450.00,TRUE,TRUE,,Rectangle 12.png,1,Minimalist Tailored Overcoat - Oatmeal Camel - L,FALSE,,,,unisex,adult,MINI-OAT-L,,,new,FALSE,2026,Jackets,,,,Rectangle 12.png,g,,152.0,active
minimalist-tailored-overcoat,,,,,,,TRUE,Color,Oatmeal Camel,Size,XL,,,MINI-OAT-XL,450,shopify,50,deny,manual,380.00,450.00,TRUE,TRUE,,Rectangle 12.png,1,Minimalist Tailored Overcoat - Oatmeal Camel - XL,FALSE,,,,unisex,adult,MINI-OAT-XL,,,new,FALSE,2026,Jackets,,,,Rectangle 12.png,g,,152.0,active
minimalist-tailored-overcoat,,,,,,,TRUE,Color,Oatmeal Camel,Size,2X,,,MINI-OAT-2X,450,shopify,50,deny,manual,380.00,450.00,TRUE,TRUE,,Rectangle 12.png,1,Minimalist Tailored Overcoat - Oatmeal Camel - 2X,FALSE,,,,unisex,adult,MINI-OAT-2X,,,new,FALSE,2026,Jackets,,,,Rectangle 12.png,g,,152.0,active
utility-canvas-overshirt,Utility Canvas Overshirt,"<p>Durable 10 oz organic cotton canvas overshirt with dual flap chest pockets, reinforced elbow patches, and heavy-duty horn buttons. Designed for versatility across changing seasons in 2026.</p>",XIV,Apparel & Accessories > Clothing > Shirts & Tops,Shirts,"Shirts, Utility, Canvas, Summer 2026, Men, Outerwear",TRUE,Color,Tobacco Brown,Size,XS,,,UTIL-TOB-XS,450,shopify,50,deny,manual,240.00,,TRUE,TRUE,,Rectangle 13.png,1,Utility Canvas Overshirt - Tobacco Brown - XS,FALSE,Utility Canvas Overshirt | XIV 2026 Collection,Shop the Utility Canvas Overshirt from XIV Summer 2026. Premium organic fabric and relaxed tailoring.,,unisex,adult,UTIL-TOB-XS,,,new,FALSE,2026,Shirts,,,,Rectangle 13.png,g,,96.0,active
utility-canvas-overshirt,,,,,,,TRUE,Color,Tobacco Brown,Size,S,,,UTIL-TOB-S,450,shopify,50,deny,manual,240.00,,TRUE,TRUE,,Rectangle 13.png,1,Utility Canvas Overshirt - Tobacco Brown - S,FALSE,,,,unisex,adult,UTIL-TOB-S,,,new,FALSE,2026,Shirts,,,,Rectangle 13.png,g,,96.0,active
utility-canvas-overshirt,,,,,,,TRUE,Color,Tobacco Brown,Size,M,,,UTIL-TOB-M,450,shopify,50,deny,manual,240.00,,TRUE,TRUE,,Rectangle 13.png,1,Utility Canvas Overshirt - Tobacco Brown - M,FALSE,,,,unisex,adult,UTIL-TOB-M,,,new,FALSE,2026,Shirts,,,,Rectangle 13.png,g,,96.0,active
utility-canvas-overshirt,,,,,,,TRUE,Color,Tobacco Brown,Size,L,,,UTIL-TOB-L,450,shopify,50,deny,manual,240.00,,TRUE,TRUE,,Rectangle 13.png,1,Utility Canvas Overshirt - Tobacco Brown - L,FALSE,,,,unisex,adult,UTIL-TOB-L,,,new,FALSE,2026,Shirts,,,,Rectangle 13.png,g,,96.0,active
utility-canvas-overshirt,,,,,,,TRUE,Color,Tobacco Brown,Size,XL,,,UTIL-TOB-XL,450,shopify,50,deny,manual,240.00,,TRUE,TRUE,,Rectangle 13.png,1,Utility Canvas Overshirt - Tobacco Brown - XL,FALSE,,,,unisex,adult,UTIL-TOB-XL,,,new,FALSE,2026,Shirts,,,,Rectangle 13.png,g,,96.0,active
utility-canvas-overshirt,,,,,,,TRUE,Color,Tobacco Brown,Size,2X,,,UTIL-TOB-2X,450,shopify,50,deny,manual,240.00,,TRUE,TRUE,,Rectangle 13.png,1,Utility Canvas Overshirt - Tobacco Brown - 2X,FALSE,,,,unisex,adult,UTIL-TOB-2X,,,new,FALSE,2026,Shirts,,,,Rectangle 13.png,g,,96.0,active
utility-canvas-overshirt,,,,,,,TRUE,Color,Olive Green,Size,XS,,,UTIL-OLI-XS,450,shopify,50,deny,manual,240.00,,TRUE,TRUE,,Rectangle 13.png,1,Utility Canvas Overshirt - Olive Green - XS,FALSE,,,,unisex,adult,UTIL-OLI-XS,,,new,FALSE,2026,Shirts,,,,Rectangle 13.png,g,,96.0,active
utility-canvas-overshirt,,,,,,,TRUE,Color,Olive Green,Size,S,,,UTIL-OLI-S,450,shopify,50,deny,manual,240.00,,TRUE,TRUE,,Rectangle 13.png,1,Utility Canvas Overshirt - Olive Green - S,FALSE,,,,unisex,adult,UTIL-OLI-S,,,new,FALSE,2026,Shirts,,,,Rectangle 13.png,g,,96.0,active
utility-canvas-overshirt,,,,,,,TRUE,Color,Olive Green,Size,M,,,UTIL-OLI-M,450,shopify,50,deny,manual,240.00,,TRUE,TRUE,,Rectangle 13.png,1,Utility Canvas Overshirt - Olive Green - M,FALSE,,,,unisex,adult,UTIL-OLI-M,,,new,FALSE,2026,Shirts,,,,Rectangle 13.png,g,,96.0,active
utility-canvas-overshirt,,,,,,,TRUE,Color,Olive Green,Size,L,,,UTIL-OLI-L,450,shopify,50,deny,manual,240.00,,TRUE,TRUE,,Rectangle 13.png,1,Utility Canvas Overshirt - Olive Green - L,FALSE,,,,unisex,adult,UTIL-OLI-L,,,new,FALSE,2026,Shirts,,,,Rectangle 13.png,g,,96.0,active
utility-canvas-overshirt,,,,,,,TRUE,Color,Olive Green,Size,XL,,,UTIL-OLI-XL,450,shopify,50,deny,manual,240.00,,TRUE,TRUE,,Rectangle 13.png,1,Utility Canvas Overshirt - Olive Green - XL,FALSE,,,,unisex,adult,UTIL-OLI-XL,,,new,FALSE,2026,Shirts,,,,Rectangle 13.png,g,,96.0,active
utility-canvas-overshirt,,,,,,,TRUE,Color,Olive Green,Size,2X,,,UTIL-OLI-2X,450,shopify,50,deny,manual,240.00,,TRUE,TRUE,,Rectangle 13.png,1,Utility Canvas Overshirt - Olive Green - 2X,FALSE,,,,unisex,adult,UTIL-OLI-2X,,,new,FALSE,2026,Shirts,,,,Rectangle 13.png,g,,96.0,active
utility-canvas-overshirt,,,,,,,TRUE,Color,Washed Black,Size,XS,,,UTIL-WAS-XS,450,shopify,50,deny,manual,240.00,,TRUE,TRUE,,Rectangle 13.png,1,Utility Canvas Overshirt - Washed Black - XS,FALSE,,,,unisex,adult,UTIL-WAS-XS,,,new,FALSE,2026,Shirts,,,,Rectangle 13.png,g,,96.0,active
utility-canvas-overshirt,,,,,,,TRUE,Color,Washed Black,Size,S,,,UTIL-WAS-S,450,shopify,50,deny,manual,240.00,,TRUE,TRUE,,Rectangle 13.png,1,Utility Canvas Overshirt - Washed Black - S,FALSE,,,,unisex,adult,UTIL-WAS-S,,,new,FALSE,2026,Shirts,,,,Rectangle 13.png,g,,96.0,active
utility-canvas-overshirt,,,,,,,TRUE,Color,Washed Black,Size,M,,,UTIL-WAS-M,450,shopify,50,deny,manual,240.00,,TRUE,TRUE,,Rectangle 13.png,1,Utility Canvas Overshirt - Washed Black - M,FALSE,,,,unisex,adult,UTIL-WAS-M,,,new,FALSE,2026,Shirts,,,,Rectangle 13.png,g,,96.0,active
utility-canvas-overshirt,,,,,,,TRUE,Color,Washed Black,Size,L,,,UTIL-WAS-L,450,shopify,50,deny,manual,240.00,,TRUE,TRUE,,Rectangle 13.png,1,Utility Canvas Overshirt - Washed Black - L,FALSE,,,,unisex,adult,UTIL-WAS-L,,,new,FALSE,2026,Shirts,,,,Rectangle 13.png,g,,96.0,active
utility-canvas-overshirt,,,,,,,TRUE,Color,Washed Black,Size,XL,,,UTIL-WAS-XL,450,shopify,50,deny,manual,240.00,,TRUE,TRUE,,Rectangle 13.png,1,Utility Canvas Overshirt - Washed Black - XL,FALSE,,,,unisex,adult,UTIL-WAS-XL,,,new,FALSE,2026,Shirts,,,,Rectangle 13.png,g,,96.0,active
utility-canvas-overshirt,,,,,,,TRUE,Color,Washed Black,Size,2X,,,UTIL-WAS-2X,450,shopify,50,deny,manual,240.00,,TRUE,TRUE,,Rectangle 13.png,1,Utility Canvas Overshirt - Washed Black - 2X,FALSE,,,,unisex,adult,UTIL-WAS-2X,,,new,FALSE,2026,Shirts,,,,Rectangle 13.png,g,,96.0,active
pleated-relaxed-chino-trousers,Pleated Relaxed Chino Trousers,"<p>Contemporary double-pleated relaxed trousers tailored from high-density washed cotton twill. Features wide-leg profile, welt back pockets, and an adjustable interior waist tab.</p>",XIV,Apparel & Accessories > Clothing > Pants,Pants,"Pants, Chino, Pleated, Summer 2026, Men, Bottoms",TRUE,Color,Sand Cream,Size,XS,,,PLEA-SAN-XS,450,shopify,50,deny,manual,210.00,,TRUE,TRUE,,Rectangle 15.png,1,Pleated Relaxed Chino Trousers - Sand Cream - XS,FALSE,Pleated Relaxed Chino Trousers | XIV 2026 Collection,Shop the Pleated Relaxed Chino Trousers from XIV Summer 2026. Premium organic fabric and relaxed tailoring.,,unisex,adult,PLEA-SAN-XS,,,new,FALSE,2026,Pants,,,,Rectangle 15.png,g,,84.0,active
pleated-relaxed-chino-trousers,,,,,,,TRUE,Color,Sand Cream,Size,S,,,PLEA-SAN-S,450,shopify,50,deny,manual,210.00,,TRUE,TRUE,,Rectangle 15 (1).png,2,Pleated Relaxed Chino Trousers - Sand Cream - S,FALSE,,,,unisex,adult,PLEA-SAN-S,,,new,FALSE,2026,Pants,,,,Rectangle 15 (1).png,g,,84.0,active
pleated-relaxed-chino-trousers,,,,,,,TRUE,Color,Sand Cream,Size,M,,,PLEA-SAN-M,450,shopify,50,deny,manual,210.00,,TRUE,TRUE,,Rectangle 15 (1).png,2,Pleated Relaxed Chino Trousers - Sand Cream - M,FALSE,,,,unisex,adult,PLEA-SAN-M,,,new,FALSE,2026,Pants,,,,Rectangle 15 (1).png,g,,84.0,active
pleated-relaxed-chino-trousers,,,,,,,TRUE,Color,Sand Cream,Size,L,,,PLEA-SAN-L,450,shopify,50,deny,manual,210.00,,TRUE,TRUE,,Rectangle 15 (1).png,2,Pleated Relaxed Chino Trousers - Sand Cream - L,FALSE,,,,unisex,adult,PLEA-SAN-L,,,new,FALSE,2026,Pants,,,,Rectangle 15 (1).png,g,,84.0,active
pleated-relaxed-chino-trousers,,,,,,,TRUE,Color,Sand Cream,Size,XL,,,PLEA-SAN-XL,450,shopify,50,deny,manual,210.00,,TRUE,TRUE,,Rectangle 15 (1).png,2,Pleated Relaxed Chino Trousers - Sand Cream - XL,FALSE,,,,unisex,adult,PLEA-SAN-XL,,,new,FALSE,2026,Pants,,,,Rectangle 15 (1).png,g,,84.0,active
pleated-relaxed-chino-trousers,,,,,,,TRUE,Color,Sand Cream,Size,2X,,,PLEA-SAN-2X,450,shopify,50,deny,manual,210.00,,TRUE,TRUE,,Rectangle 15 (1).png,2,Pleated Relaxed Chino Trousers - Sand Cream - 2X,FALSE,,,,unisex,adult,PLEA-SAN-2X,,,new,FALSE,2026,Pants,,,,Rectangle 15 (1).png,g,,84.0,active
pleated-relaxed-chino-trousers,,,,,,,TRUE,Color,Olive Drab,Size,XS,,,PLEA-OLI-XS,450,shopify,50,deny,manual,210.00,,TRUE,TRUE,,Rectangle 15 (1).png,2,Pleated Relaxed Chino Trousers - Olive Drab - XS,FALSE,,,,unisex,adult,PLEA-OLI-XS,,,new,FALSE,2026,Pants,,,,Rectangle 15 (1).png,g,,84.0,active
pleated-relaxed-chino-trousers,,,,,,,TRUE,Color,Olive Drab,Size,S,,,PLEA-OLI-S,450,shopify,50,deny,manual,210.00,,TRUE,TRUE,,Rectangle 15 (1).png,2,Pleated Relaxed Chino Trousers - Olive Drab - S,FALSE,,,,unisex,adult,PLEA-OLI-S,,,new,FALSE,2026,Pants,,,,Rectangle 15 (1).png,g,,84.0,active
pleated-relaxed-chino-trousers,,,,,,,TRUE,Color,Olive Drab,Size,M,,,PLEA-OLI-M,450,shopify,50,deny,manual,210.00,,TRUE,TRUE,,Rectangle 15 (1).png,2,Pleated Relaxed Chino Trousers - Olive Drab - M,FALSE,,,,unisex,adult,PLEA-OLI-M,,,new,FALSE,2026,Pants,,,,Rectangle 15 (1).png,g,,84.0,active
pleated-relaxed-chino-trousers,,,,,,,TRUE,Color,Olive Drab,Size,L,,,PLEA-OLI-L,450,shopify,50,deny,manual,210.00,,TRUE,TRUE,,Rectangle 15 (1).png,2,Pleated Relaxed Chino Trousers - Olive Drab - L,FALSE,,,,unisex,adult,PLEA-OLI-L,,,new,FALSE,2026,Pants,,,,Rectangle 15 (1).png,g,,84.0,active
pleated-relaxed-chino-trousers,,,,,,,TRUE,Color,Olive Drab,Size,XL,,,PLEA-OLI-XL,450,shopify,50,deny,manual,210.00,,TRUE,TRUE,,Rectangle 15 (1).png,2,Pleated Relaxed Chino Trousers - Olive Drab - XL,FALSE,,,,unisex,adult,PLEA-OLI-XL,,,new,FALSE,2026,Pants,,,,Rectangle 15 (1).png,g,,84.0,active
pleated-relaxed-chino-trousers,,,,,,,TRUE,Color,Olive Drab,Size,2X,,,PLEA-OLI-2X,450,shopify,50,deny,manual,210.00,,TRUE,TRUE,,Rectangle 15 (1).png,2,Pleated Relaxed Chino Trousers - Olive Drab - 2X,FALSE,,,,unisex,adult,PLEA-OLI-2X,,,new,FALSE,2026,Pants,,,,Rectangle 15 (1).png,g,,84.0,active
pleated-relaxed-chino-trousers,,,,,,,TRUE,Color,Ink Navy,Size,XS,,,PLEA-INK-XS,450,shopify,50,deny,manual,210.00,,TRUE,TRUE,,Rectangle 15 (1).png,2,Pleated Relaxed Chino Trousers - Ink Navy - XS,FALSE,,,,unisex,adult,PLEA-INK-XS,,,new,FALSE,2026,Pants,,,,Rectangle 15 (1).png,g,,84.0,active
pleated-relaxed-chino-trousers,,,,,,,TRUE,Color,Ink Navy,Size,S,,,PLEA-INK-S,450,shopify,50,deny,manual,210.00,,TRUE,TRUE,,Rectangle 15 (1).png,2,Pleated Relaxed Chino Trousers - Ink Navy - S,FALSE,,,,unisex,adult,PLEA-INK-S,,,new,FALSE,2026,Pants,,,,Rectangle 15 (1).png,g,,84.0,active
pleated-relaxed-chino-trousers,,,,,,,TRUE,Color,Ink Navy,Size,M,,,PLEA-INK-M,450,shopify,50,deny,manual,210.00,,TRUE,TRUE,,Rectangle 15 (1).png,2,Pleated Relaxed Chino Trousers - Ink Navy - M,FALSE,,,,unisex,adult,PLEA-INK-M,,,new,FALSE,2026,Pants,,,,Rectangle 15 (1).png,g,,84.0,active
pleated-relaxed-chino-trousers,,,,,,,TRUE,Color,Ink Navy,Size,L,,,PLEA-INK-L,450,shopify,50,deny,manual,210.00,,TRUE,TRUE,,Rectangle 15 (1).png,2,Pleated Relaxed Chino Trousers - Ink Navy - L,FALSE,,,,unisex,adult,PLEA-INK-L,,,new,FALSE,2026,Pants,,,,Rectangle 15 (1).png,g,,84.0,active
pleated-relaxed-chino-trousers,,,,,,,TRUE,Color,Ink Navy,Size,XL,,,PLEA-INK-XL,450,shopify,50,deny,manual,210.00,,TRUE,TRUE,,Rectangle 15 (1).png,2,Pleated Relaxed Chino Trousers - Ink Navy - XL,FALSE,,,,unisex,adult,PLEA-INK-XL,,,new,FALSE,2026,Pants,,,,Rectangle 15 (1).png,g,,84.0,active
pleated-relaxed-chino-trousers,,,,,,,TRUE,Color,Ink Navy,Size,2X,,,PLEA-INK-2X,450,shopify,50,deny,manual,210.00,,TRUE,TRUE,,Rectangle 15 (1).png,2,Pleated Relaxed Chino Trousers - Ink Navy - 2X,FALSE,,,,unisex,adult,PLEA-INK-2X,,,new,FALSE,2026,Pants,,,,Rectangle 15 (1).png,g,,84.0,active
leather-urban-high-top-sneakers,Leather Urban High-Top Sneakers,"<p>Handcrafted full-grain nubuck and calfskin high-top sneakers with vulcanized rubber cupsole, waxed cotton laces, and cushioned leather insole. Made to seamlessly pair with both relaxed denim and tailored trousers.</p>",XIV,Apparel & Accessories > Shoes,Shoes,"Shoes, Sneakers, Leather, Summer 2026, Men, Footwear",TRUE,Color,Caramel Tan,Size,XS,,,LEAT-CAR-XS,450,shopify,50,deny,manual,260.00,,TRUE,TRUE,,Rectangle 16.png,1,Leather Urban High-Top Sneakers - Caramel Tan - XS,FALSE,Leather Urban High-Top Sneakers | XIV 2026 Collection,Shop the Leather Urban High-Top Sneakers from XIV Summer 2026. Premium organic fabric and relaxed tailoring.,,unisex,adult,LEAT-CAR-XS,,,new,FALSE,2026,Shoes,,,,Rectangle 16.png,g,,104.0,active
leather-urban-high-top-sneakers,,,,,,,TRUE,Color,Caramel Tan,Size,S,,,LEAT-CAR-S,450,shopify,50,deny,manual,260.00,,TRUE,TRUE,,Rectangle 17.png,2,Leather Urban High-Top Sneakers - Caramel Tan - S,FALSE,,,,unisex,adult,LEAT-CAR-S,,,new,FALSE,2026,Shoes,,,,Rectangle 17.png,g,,104.0,active
leather-urban-high-top-sneakers,,,,,,,TRUE,Color,Caramel Tan,Size,M,,,LEAT-CAR-M,450,shopify,50,deny,manual,260.00,,TRUE,TRUE,,Rectangle 17.png,2,Leather Urban High-Top Sneakers - Caramel Tan - M,FALSE,,,,unisex,adult,LEAT-CAR-M,,,new,FALSE,2026,Shoes,,,,Rectangle 17.png,g,,104.0,active
leather-urban-high-top-sneakers,,,,,,,TRUE,Color,Caramel Tan,Size,L,,,LEAT-CAR-L,450,shopify,50,deny,manual,260.00,,TRUE,TRUE,,Rectangle 17.png,2,Leather Urban High-Top Sneakers - Caramel Tan - L,FALSE,,,,unisex,adult,LEAT-CAR-L,,,new,FALSE,2026,Shoes,,,,Rectangle 17.png,g,,104.0,active
leather-urban-high-top-sneakers,,,,,,,TRUE,Color,Caramel Tan,Size,XL,,,LEAT-CAR-XL,450,shopify,50,deny,manual,260.00,,TRUE,TRUE,,Rectangle 17.png,2,Leather Urban High-Top Sneakers - Caramel Tan - XL,FALSE,,,,unisex,adult,LEAT-CAR-XL,,,new,FALSE,2026,Shoes,,,,Rectangle 17.png,g,,104.0,active
leather-urban-high-top-sneakers,,,,,,,TRUE,Color,Caramel Tan,Size,2X,,,LEAT-CAR-2X,450,shopify,50,deny,manual,260.00,,TRUE,TRUE,,Rectangle 17.png,2,Leather Urban High-Top Sneakers - Caramel Tan - 2X,FALSE,,,,unisex,adult,LEAT-CAR-2X,,,new,FALSE,2026,Shoes,,,,Rectangle 17.png,g,,104.0,active
leather-urban-high-top-sneakers,,,,,,,TRUE,Color,Off-White,Size,XS,,,LEAT-OFF-XS,450,shopify,50,deny,manual,260.00,,TRUE,TRUE,,Rectangle 17.png,2,Leather Urban High-Top Sneakers - Off-White - XS,FALSE,,,,unisex,adult,LEAT-OFF-XS,,,new,FALSE,2026,Shoes,,,,Rectangle 17.png,g,,104.0,active
leather-urban-high-top-sneakers,,,,,,,TRUE,Color,Off-White,Size,S,,,LEAT-OFF-S,450,shopify,50,deny,manual,260.00,,TRUE,TRUE,,Rectangle 17.png,2,Leather Urban High-Top Sneakers - Off-White - S,FALSE,,,,unisex,adult,LEAT-OFF-S,,,new,FALSE,2026,Shoes,,,,Rectangle 17.png,g,,104.0,active
leather-urban-high-top-sneakers,,,,,,,TRUE,Color,Off-White,Size,M,,,LEAT-OFF-M,450,shopify,50,deny,manual,260.00,,TRUE,TRUE,,Rectangle 17.png,2,Leather Urban High-Top Sneakers - Off-White - M,FALSE,,,,unisex,adult,LEAT-OFF-M,,,new,FALSE,2026,Shoes,,,,Rectangle 17.png,g,,104.0,active
leather-urban-high-top-sneakers,,,,,,,TRUE,Color,Off-White,Size,L,,,LEAT-OFF-L,450,shopify,50,deny,manual,260.00,,TRUE,TRUE,,Rectangle 17.png,2,Leather Urban High-Top Sneakers - Off-White - L,FALSE,,,,unisex,adult,LEAT-OFF-L,,,new,FALSE,2026,Shoes,,,,Rectangle 17.png,g,,104.0,active
leather-urban-high-top-sneakers,,,,,,,TRUE,Color,Off-White,Size,XL,,,LEAT-OFF-XL,450,shopify,50,deny,manual,260.00,,TRUE,TRUE,,Rectangle 17.png,2,Leather Urban High-Top Sneakers - Off-White - XL,FALSE,,,,unisex,adult,LEAT-OFF-XL,,,new,FALSE,2026,Shoes,,,,Rectangle 17.png,g,,104.0,active
leather-urban-high-top-sneakers,,,,,,,TRUE,Color,Off-White,Size,2X,,,LEAT-OFF-2X,450,shopify,50,deny,manual,260.00,,TRUE,TRUE,,Rectangle 17.png,2,Leather Urban High-Top Sneakers - Off-White - 2X,FALSE,,,,unisex,adult,LEAT-OFF-2X,,,new,FALSE,2026,Shoes,,,,Rectangle 17.png,g,,104.0,active
leather-urban-high-top-sneakers,,,,,,,TRUE,Color,Triple Black,Size,XS,,,LEAT-TRI-XS,450,shopify,50,deny,manual,260.00,,TRUE,TRUE,,Rectangle 17.png,2,Leather Urban High-Top Sneakers - Triple Black - XS,FALSE,,,,unisex,adult,LEAT-TRI-XS,,,new,FALSE,2026,Shoes,,,,Rectangle 17.png,g,,104.0,active
leather-urban-high-top-sneakers,,,,,,,TRUE,Color,Triple Black,Size,S,,,LEAT-TRI-S,450,shopify,50,deny,manual,260.00,,TRUE,TRUE,,Rectangle 17.png,2,Leather Urban High-Top Sneakers - Triple Black - S,FALSE,,,,unisex,adult,LEAT-TRI-S,,,new,FALSE,2026,Shoes,,,,Rectangle 17.png,g,,104.0,active
leather-urban-high-top-sneakers,,,,,,,TRUE,Color,Triple Black,Size,M,,,LEAT-TRI-M,450,shopify,50,deny,manual,260.00,,TRUE,TRUE,,Rectangle 17.png,2,Leather Urban High-Top Sneakers - Triple Black - M,FALSE,,,,unisex,adult,LEAT-TRI-M,,,new,FALSE,2026,Shoes,,,,Rectangle 17.png,g,,104.0,active
leather-urban-high-top-sneakers,,,,,,,TRUE,Color,Triple Black,Size,L,,,LEAT-TRI-L,450,shopify,50,deny,manual,260.00,,TRUE,TRUE,,Rectangle 17.png,2,Leather Urban High-Top Sneakers - Triple Black - L,FALSE,,,,unisex,adult,LEAT-TRI-L,,,new,FALSE,2026,Shoes,,,,Rectangle 17.png,g,,104.0,active
leather-urban-high-top-sneakers,,,,,,,TRUE,Color,Triple Black,Size,XL,,,LEAT-TRI-XL,450,shopify,50,deny,manual,260.00,,TRUE,TRUE,,Rectangle 17.png,2,Leather Urban High-Top Sneakers - Triple Black - XL,FALSE,,,,unisex,adult,LEAT-TRI-XL,,,new,FALSE,2026,Shoes,,,,Rectangle 17.png,g,,104.0,active
leather-urban-high-top-sneakers,,,,,,,TRUE,Color,Triple Black,Size,2X,,,LEAT-TRI-2X,450,shopify,50,deny,manual,260.00,,TRUE,TRUE,,Rectangle 17.png,2,Leather Urban High-Top Sneakers - Triple Black - 2X,FALSE,,,,unisex,adult,LEAT-TRI-2X,,,new,FALSE,2026,Shoes,,,,Rectangle 17.png,g,,104.0,active
